date_id,item_dept,store,item_qty,net_sales,item_qty_lag_1,net_sales_lag_1,item_qty_lag_2,net_sales_lag_2,item_qty_lag_3,net_sales_lag_3,item_qty_lag_4,net_sales_lag_4,item_qty_lag_5,net_sales_lag_5
2021-11-01,Beverages,ABC,917.0,254547.79901,1707.363845735027,372950.1982621452,1708.440870909091,373055.92540445813,1706.0939344262297,372709.863822317,1704.4556496350365,372399.765159584,1706.1255868372943,372753.1059276819
2021-11-01,Beverages,XYZ,779.0,187931.76902,917.0,254547.79901,1708.440870909091,373055.92540445813,1706.0939344262297,372709.863822317,1704.4556496350365,372399.765159584,1706.1255868372943,372753.1059276819
2021-11-01,Grocery,ABC,2360.399,437286.62402,779.0,187931.76902,917.0,254547.79901,1706.0939344262297,372709.863822317,1704.4556496350365,372399.765159584,1706.1255868372943,372753.1059276819
2021-11-01,Grocery,XYZ,2987.06,491450.723,2360.399,437286.62402,779.0,187931.76902,917.0,254547.79901,1704.4556496350365,372399.765159584,1706.1255868372943,372753.1059276819
2021-11-01,Household,ABC,1043.0,247336.26601,2987.06,491450.723,2360.399,437286.62402,779.0,187931.76902,917.0,254547.79901,1706.1255868372943,372753.1059276819
2021-11-01,Household,XYZ,1124.0,247156.009988,1043.0,247336.26601,2987.06,491450.723,2360.399,437286.62402,779.0,187931.76902,917.0,254547.79901
2021-11-02,Beverages,ABC,1140.0,277904.838,1124.0,247156.009988,1043.0,247336.26601,2987.06,491450.723,2360.399,437286.62402,779.0,187931.76902
2021-11-02,Beverages,XYZ,922.0,251330.13,1140.0,277904.838,1124.0,247156.009988,1043.0,247336.26601,2987.06,491450.723,2360.399,437286.62402
2021-11-02,Grocery,ABC,3021.684,582206.592985,922.0,251330.13,1140.0,277904.838,1124.0,247156.009988,1043.0,247336.26601,2987.06,491450.723
2021-11-02,Grocery,XYZ,3623.716,592195.489002,3021.684,582206.592985,922.0,251330.13,1140.0,277904.838,1124.0,247156.009988,1043.0,247336.26601
2021-11-02,Household,ABC,1195.0,292020.462024,3623.716,592195.489002,3021.684,582206.592985,922.0,251330.13,1140.0,277904.838,1124.0,247156.009988
2021-11-02,Household,XYZ,1196.0,262403.349,1195.0,292020.462024,3623.716,592195.489002,3021.684,582206.592985,922.0,251330.13,1140.0,277904.838
2021-11-03,Beverages,ABC,837.0,199145.59601,1196.0,262403.349,1195.0,292020.462024,3623.716,592195.489002,3021.684,582206.592985,922.0,251330.13
2021-11-03,Beverages,XYZ,841.0,228560.219,837.0,199145.59601,1196.0,262403.349,1195.0,292020.462024,3623.716,592195.489002,3021.684,582206.592985
2021-11-03,Grocery,ABC,2155.128,397946.965024,841.0,228560.219,837.0,199145.59601,1196.0,262403.349,1195.0,292020.462024,3623.716,592195.489002
2021-11-03,Grocery,XYZ,3288.1,574684.181,2155.128,397946.965024,841.0,228560.219,837.0,199145.59601,1196.0,262403.349,1195.0,292020.462024
2021-11-03,Household,ABC,819.0,209100.513996,3288.1,574684.181,2155.128,397946.965024,841.0,228560.219,837.0,199145.59601,1196.0,262403.349
2021-11-03,Household,XYZ,1108.0,249315.458,819.0,209100.513996,3288.1,574684.181,2155.128,397946.965024,841.0,228560.219,837.0,199145.59601
2021-11-04,Beverages,ABC,1256.0,255926.913,1108.0,249315.458,819.0,209100.513996,3288.1,574684.181,2155.128,397946.965024,841.0,228560.219
2021-11-04,Beverages,XYZ,914.0,237710.29,1256.0,255926.913,1108.0,249315.458,819.0,209100.513996,3288.1,574684.181,2155.128,397946.965024
2021-11-04,Grocery,ABC,2648.306,522916.128,914.0,237710.29,1256.0,255926.913,1108.0,249315.458,819.0,209100.513996,3288.1,574684.181
2021-11-04,Grocery,XYZ,3268.081,510482.668,2648.306,522916.128,914.0,237710.29,1256.0,255926.913,1108.0,249315.458,819.0,209100.513996
2021-11-04,Household,ABC,921.0,243260.745014,3268.081,510482.668,2648.306,522916.128,914.0,237710.29,1256.0,255926.913,1108.0,249315.458
2021-11-04,Household,XYZ,948.0,228511.923005,921.0,243260.745014,3268.081,510482.668,2648.306,522916.128,914.0,237710.29,1256.0,255926.913
2021-11-05,Beverages,ABC,991.0,255695.365,948.0,228511.923005,921.0,243260.745014,3268.081,510482.668,2648.306,522916.128,914.0,237710.29
2021-11-05,Beverages,XYZ,910.0,217746.0,991.0,255695.365,948.0,228511.923005,921.0,243260.745014,3268.081,510482.668,2648.306,522916.128
2021-11-05,Grocery,ABC,2654.582,479383.66397,910.0,217746.0,991.0,255695.365,948.0,228511.923005,921.0,243260.745014,3268.081,510482.668
2021-11-05,Grocery,XYZ,3287.828,557072.729,2654.582,479383.66397,910.0,217746.0,991.0,255695.365,948.0,228511.923005,921.0,243260.745014
2021-11-05,Household,ABC,986.0,265589.69202,3287.828,557072.729,2654.582,479383.66397,910.0,217746.0,991.0,255695.365,948.0,228511.923005
2021-11-05,Household,XYZ,963.0,222311.011,986.0,265589.69202,3287.828,557072.729,2654.582,479383.66397,910.0,217746.0,991.0,255695.365
2021-11-06,Beverages,ABC,884.0,241963.0,963.0,222311.011,986.0,265589.69202,3287.828,557072.729,2654.582,479383.66397,910.0,217746.0
2021-11-06,Beverages,XYZ,1086.0,262426.08,884.0,241963.0,963.0,222311.011,986.0,265589.69202,3287.828,557072.729,2654.582,479383.66397
2021-11-06,Grocery,ABC,2614.006,548660.9,1086.0,262426.08,884.0,241963.0,963.0,222311.011,986.0,265589.69202,3287.828,557072.729
2021-11-06,Grocery,XYZ,3625.864,622856.562004,2614.006,548660.9,1086.0,262426.08,884.0,241963.0,963.0,222311.011,986.0,265589.69202
2021-11-06,Household,ABC,1152.0,284326.0,3625.864,622856.562004,2614.006,548660.9,1086.0,262426.08,884.0,241963.0,963.0,222311.011
2021-11-06,Household,XYZ,1315.0,305140.577002,1152.0,284326.0,3625.864,622856.562004,2614.006,548660.9,1086.0,262426.08,884.0,241963.0
2021-11-07,Beverages,ABC,937.0,218668.693,1315.0,305140.577002,1152.0,284326.0,3625.864,622856.562004,2614.006,548660.9,1086.0,262426.08
2021-11-07,Beverages,XYZ,1043.0,289993.0,937.0,218668.693,1315.0,305140.577002,1152.0,284326.0,3625.864,622856.562004,2614.006,548660.9
2021-11-07,Grocery,ABC,2646.82,505512.74297,1043.0,289993.0,937.0,218668.693,1315.0,305140.577002,1152.0,284326.0,3625.864,622856.562004
2021-11-07,Grocery,XYZ,3608.962,661655.00001,2646.82,505512.74297,1043.0,289993.0,937.0,218668.693,1315.0,305140.577002,1152.0,284326.0
2021-11-07,Household,ABC,998.0,233781.880016,3608.962,661655.00001,2646.82,505512.74297,1043.0,289993.0,937.0,218668.693,1315.0,305140.577002
2021-11-07,Household,XYZ,1252.0,283841.0,998.0,233781.880016,3608.962,661655.00001,2646.82,505512.74297,1043.0,289993.0,937.0,218668.693
2021-11-08,Beverages,ABC,974.0,246984.682,1252.0,283841.0,998.0,233781.880016,3608.962,661655.00001,2646.82,505512.74297,1043.0,289993.0
2021-11-08,Beverages,XYZ,677.0,201386.081,974.0,246984.682,1252.0,283841.0,998.0,233781.880016,3608.962,661655.00001,2646.82,505512.74297
2021-11-08,Grocery,ABC,2326.638,438841.43801,677.0,201386.081,974.0,246984.682,1252.0,283841.0,998.0,233781.880016,3608.962,661655.00001
2021-11-08,Grocery,XYZ,2879.414,498037.791,2326.638,438841.43801,677.0,201386.081,974.0,246984.682,1252.0,283841.0,998.0,233781.880016
2021-11-08,Household,ABC,883.0,240294.89201,2879.414,498037.791,2326.638,438841.43801,677.0,201386.081,974.0,246984.682,1252.0,283841.0
2021-11-08,Household,XYZ,944.0,237517.072,883.0,240294.89201,2879.414,498037.791,2326.638,438841.43801,677.0,201386.081,974.0,246984.682
2021-11-09,Beverages,ABC,815.0,199577.0,944.0,237517.072,883.0,240294.89201,2879.414,498037.791,2326.638,438841.43801,677.0,201386.081
2021-11-09,Beverages,XYZ,971.0,263813.854,815.0,199577.0,944.0,237517.072,883.0,240294.89201,2879.414,498037.791,2326.638,438841.43801
2021-11-09,Grocery,ABC,2489.046,497413.33899,971.0,263813.854,815.0,199577.0,944.0,237517.072,883.0,240294.89201,2879.414,498037.791
2021-11-09,Grocery,XYZ,3608.112,622938.069,2489.046,497413.33899,971.0,263813.854,815.0,199577.0,944.0,237517.072,883.0,240294.89201
2021-11-09,Household,ABC,930.0,229917.0,3608.112,622938.069,2489.046,497413.33899,971.0,263813.854,815.0,199577.0,944.0,237517.072
2021-11-09,Household,XYZ,1118.0,277746.993,930.0,229917.0,3608.112,622938.069,2489.046,497413.33899,971.0,263813.854,815.0,199577.0
2021-11-10,Beverages,ABC,924.0,238515.243,1118.0,277746.993,930.0,229917.0,3608.112,622938.069,2489.046,497413.33899,971.0,263813.854
2021-11-10,Beverages,XYZ,934.0,259906.508,924.0,238515.243,1118.0,277746.993,930.0,229917.0,3608.112,622938.069,2489.046,497413.33899
2021-11-10,Grocery,ABC,2876.364,522461.826,934.0,259906.508,924.0,238515.243,1118.0,277746.993,930.0,229917.0,3608.112,622938.069
2021-11-10,Grocery,XYZ,3666.634,635110.826,2876.364,522461.826,934.0,259906.508,924.0,238515.243,1118.0,277746.993,930.0,229917.0
2021-11-10,Household,ABC,1160.0,304131.278,3666.634,635110.826,2876.364,522461.826,934.0,259906.508,924.0,238515.243,1118.0,277746.993
2021-11-10,Household,XYZ,1082.0,252174.64699,1160.0,304131.278,3666.634,635110.826,2876.364,522461.826,934.0,259906.508,924.0,238515.243
2021-11-11,Beverages,ABC,1017.0,265286.0,1082.0,252174.64699,1160.0,304131.278,3666.634,635110.826,2876.364,522461.826,934.0,259906.508
2021-11-11,Beverages,XYZ,1104.0,297145.0,1017.0,265286.0,1082.0,252174.64699,1160.0,304131.278,3666.634,635110.826,2876.364,522461.826
2021-11-11,Grocery,ABC,2745.732,519793.064,1104.0,297145.0,1017.0,265286.0,1082.0,252174.64699,1160.0,304131.278,3666.634,635110.826
2021-11-11,Grocery,XYZ,3559.718,627332.13701,2745.732,519793.064,1104.0,297145.0,1017.0,265286.0,1082.0,252174.64699,1160.0,304131.278
2021-11-11,Household,ABC,1482.0,342064.0,3559.718,627332.13701,2745.732,519793.064,1104.0,297145.0,1017.0,265286.0,1082.0,252174.64699
2021-11-11,Household,XYZ,1120.0,259689.0,1482.0,342064.0,3559.718,627332.13701,2745.732,519793.064,1104.0,297145.0,1017.0,265286.0
2021-11-12,Beverages,ABC,1074.0,265109.69,1120.0,259689.0,1482.0,342064.0,3559.718,627332.13701,2745.732,519793.064,1104.0,297145.0
2021-11-12,Beverages,XYZ,920.0,243668.897,1074.0,265109.69,1120.0,259689.0,1482.0,342064.0,3559.718,627332.13701,2745.732,519793.064
2021-11-12,Grocery,ABC,2788.65,514991.726995,920.0,243668.897,1074.0,265109.69,1120.0,259689.0,1482.0,342064.0,3559.718,627332.13701
2021-11-12,Grocery,XYZ,3074.068,514545.966,2788.65,514991.726995,920.0,243668.897,1074.0,265109.69,1120.0,259689.0,1482.0,342064.0
2021-11-12,Household,ABC,1036.0,268012.22496,3074.068,514545.966,2788.65,514991.726995,920.0,243668.897,1074.0,265109.69,1120.0,259689.0
2021-11-12,Household,XYZ,1000.0,229292.71,1036.0,268012.22496,3074.068,514545.966,2788.65,514991.726995,920.0,243668.897,1074.0,265109.69
2021-11-13,Beverages,ABC,1273.0,273187.77701,1000.0,229292.71,1036.0,268012.22496,3074.068,514545.966,2788.65,514991.726995,920.0,243668.897
2021-11-13,Beverages,XYZ,1076.0,258456.263098,1273.0,273187.77701,1000.0,229292.71,1036.0,268012.22496,3074.068,514545.966,2788.65,514991.726995
2021-11-13,Grocery,ABC,2732.55,531031.46198,1076.0,258456.263098,1273.0,273187.77701,1000.0,229292.71,1036.0,268012.22496,3074.068,514545.966
2021-11-13,Grocery,XYZ,3284.398,576517.52197,2732.55,531031.46198,1076.0,258456.263098,1273.0,273187.77701,1000.0,229292.71,1036.0,268012.22496
2021-11-13,Household,ABC,1125.0,279307.127,3284.398,576517.52197,2732.55,531031.46198,1076.0,258456.263098,1273.0,273187.77701,1000.0,229292.71
2021-11-13,Household,XYZ,1048.0,239059.75497,1125.0,279307.127,3284.398,576517.52197,2732.55,531031.46198,1076.0,258456.263098,1273.0,273187.77701
2021-11-14,Beverages,ABC,921.0,225926.22212,1048.0,239059.75497,1125.0,279307.127,3284.398,576517.52197,2732.55,531031.46198,1076.0,258456.263098
2021-11-14,Beverages,XYZ,1220.0,296072.895,921.0,225926.22212,1048.0,239059.75497,1125.0,279307.127,3284.398,576517.52197,2732.55,531031.46198
2021-11-14,Grocery,ABC,2602.416,505466.29089,1220.0,296072.895,921.0,225926.22212,1048.0,239059.75497,1125.0,279307.127,3284.398,576517.52197
2021-11-14,Grocery,XYZ,4138.387,735938.785986,2602.416,505466.29089,1220.0,296072.895,921.0,225926.22212,1048.0,239059.75497,1125.0,279307.127
2021-11-14,Household,ABC,993.0,255769.42399,4138.387,735938.785986,2602.416,505466.29089,1220.0,296072.895,921.0,225926.22212,1048.0,239059.75497
2021-11-14,Household,XYZ,1158.0,269886.580994,993.0,255769.42399,4138.387,735938.785986,2602.416,505466.29089,1220.0,296072.895,921.0,225926.22212
2021-11-15,Beverages,ABC,762.0,204426.11697,1158.0,269886.580994,993.0,255769.42399,4138.387,735938.785986,2602.416,505466.29089,1220.0,296072.895
2021-11-15,Beverages,XYZ,824.0,195180.72799,762.0,204426.11697,1158.0,269886.580994,993.0,255769.42399,4138.387,735938.785986,2602.416,505466.29089
2021-11-15,Grocery,ABC,2390.932,480770.598004,824.0,195180.72799,762.0,204426.11697,1158.0,269886.580994,993.0,255769.42399,4138.387,735938.785986
2021-11-15,Grocery,XYZ,3131.84,539271.074006,2390.932,480770.598004,824.0,195180.72799,762.0,204426.11697,1158.0,269886.580994,993.0,255769.42399
2021-11-15,Household,ABC,830.0,214588.159992,3131.84,539271.074006,2390.932,480770.598004,824.0,195180.72799,762.0,204426.11697,1158.0,269886.580994
2021-11-15,Household,XYZ,972.0,251777.793994,830.0,214588.159992,3131.84,539271.074006,2390.932,480770.598004,824.0,195180.72799,762.0,204426.11697
2021-11-16,Beverages,ABC,1023.0,212758.096,972.0,251777.793994,830.0,214588.159992,3131.84,539271.074006,2390.932,480770.598004,824.0,195180.72799
2021-11-16,Beverages,XYZ,940.0,230977.082,1023.0,212758.096,972.0,251777.793994,830.0,214588.159992,3131.84,539271.074006,2390.932,480770.598004
2021-11-16,Grocery,ABC,2106.724,398716.12803,940.0,230977.082,1023.0,212758.096,972.0,251777.793994,830.0,214588.159992,3131.84,539271.074006
2021-11-16,Grocery,XYZ,3199.6,557822.965022,2106.724,398716.12803,940.0,230977.082,1023.0,212758.096,972.0,251777.793994,830.0,214588.159992
2021-11-16,Household,ABC,778.0,207955.66204,3199.6,557822.965022,2106.724,398716.12803,940.0,230977.082,1023.0,212758.096,972.0,251777.793994
2021-11-16,Household,XYZ,966.0,230942.078,778.0,207955.66204,3199.6,557822.965022,2106.724,398716.12803,940.0,230977.082,1023.0,212758.096
2021-11-17,Beverages,ABC,985.0,248992.728998,966.0,230942.078,778.0,207955.66204,3199.6,557822.965022,2106.724,398716.12803,940.0,230977.082
2021-11-17,Beverages,XYZ,924.0,255851.431,985.0,248992.728998,966.0,230942.078,778.0,207955.66204,3199.6,557822.965022,2106.724,398716.12803
2021-11-17,Grocery,ABC,2885.498,558187.29797,924.0,255851.431,985.0,248992.728998,966.0,230942.078,778.0,207955.66204,3199.6,557822.965022
2021-11-17,Grocery,XYZ,3375.546,585377.43793,2885.498,558187.29797,924.0,255851.431,985.0,248992.728998,966.0,230942.078,778.0,207955.66204
2021-11-17,Household,ABC,998.0,246364.90516,3375.546,585377.43793,2885.498,558187.29797,924.0,255851.431,985.0,248992.728998,966.0,230942.078
2021-11-17,Household,XYZ,936.0,230997.124,998.0,246364.90516,3375.546,585377.43793,2885.498,558187.29797,924.0,255851.431,985.0,248992.728998
2021-11-18,Beverages,ABC,756.0,175639.0,936.0,230997.124,998.0,246364.90516,3375.546,585377.43793,2885.498,558187.29797,924.0,255851.431
2021-11-18,Beverages,XYZ,1023.0,266097.0,756.0,175639.0,936.0,230997.124,998.0,246364.90516,3375.546,585377.43793,2885.498,558187.29797
2021-11-18,Grocery,ABC,2246.999,436620.223,1023.0,266097.0,756.0,175639.0,936.0,230997.124,998.0,246364.90516,3375.546,585377.43793
2021-11-18,Grocery,XYZ,3406.6059999999998,592236.26,2246.999,436620.223,1023.0,266097.0,756.0,175639.0,936.0,230997.124,998.0,246364.90516
2021-11-18,Household,ABC,907.0,218632.999,3406.6059999999998,592236.26,2246.999,436620.223,1023.0,266097.0,756.0,175639.0,936.0,230997.124
2021-11-18,Household,XYZ,1214.0,283519.0,907.0,218632.999,3406.6059999999998,592236.26,2246.999,436620.223,1023.0,266097.0,756.0,175639.0
2021-11-19,Beverages,ABC,880.0,237399.881,1214.0,283519.0,907.0,218632.999,3406.6059999999998,592236.26,2246.999,436620.223,1023.0,266097.0
2021-11-19,Beverages,XYZ,828.0,230181.39896,880.0,237399.881,1214.0,283519.0,907.0,218632.999,3406.6059999999998,592236.26,2246.999,436620.223
2021-11-19,Grocery,ABC,2168.21,430174.75,828.0,230181.39896,880.0,237399.881,1214.0,283519.0,907.0,218632.999,3406.6059999999998,592236.26
2021-11-19,Grocery,XYZ,3096.73,542765.726,2168.21,430174.75,828.0,230181.39896,880.0,237399.881,1214.0,283519.0,907.0,218632.999
2021-11-19,Household,ABC,755.0,204087.231018,3096.73,542765.726,2168.21,430174.75,828.0,230181.39896,880.0,237399.881,1214.0,283519.0
2021-11-19,Household,XYZ,895.0,223037.599,755.0,204087.231018,3096.73,542765.726,2168.21,430174.75,828.0,230181.39896,880.0,237399.881
2021-11-20,Beverages,ABC,937.0,225986.13103,895.0,223037.599,755.0,204087.231018,3096.73,542765.726,2168.21,430174.75,828.0,230181.39896
2021-11-20,Beverages,XYZ,1170.0,281179.09712,937.0,225986.13103,895.0,223037.599,755.0,204087.231018,3096.73,542765.726,2168.21,430174.75
2021-11-20,Grocery,ABC,2340.141,434756.16684,1170.0,281179.09712,937.0,225986.13103,895.0,223037.599,755.0,204087.231018,3096.73,542765.726
2021-11-20,Grocery,XYZ,3669.867,643345.45997,2340.141,434756.16684,1170.0,281179.09712,937.0,225986.13103,895.0,223037.599,755.0,204087.231018
2021-11-20,Household,ABC,988.0,250394.960064,3669.867,643345.45997,2340.141,434756.16684,1170.0,281179.09712,937.0,225986.13103,895.0,223037.599
2021-11-20,Household,XYZ,1219.0,287353.572882,988.0,250394.960064,3669.867,643345.45997,2340.141,434756.16684,1170.0,281179.09712,937.0,225986.13103
2021-11-21,Beverages,ABC,870.0,195036.211936,1219.0,287353.572882,988.0,250394.960064,3669.867,643345.45997,2340.141,434756.16684,1170.0,281179.09712
2021-11-21,Beverages,XYZ,1056.0,271440.419996,870.0,195036.211936,1219.0,287353.572882,988.0,250394.960064,3669.867,643345.45997,2340.141,434756.16684
2021-11-21,Grocery,ABC,2133.776,444193.117006,1056.0,271440.419996,870.0,195036.211936,1219.0,287353.572882,988.0,250394.960064,3669.867,643345.45997
2021-11-21,Grocery,XYZ,3464.803,618052.44805,2133.776,444193.117006,1056.0,271440.419996,870.0,195036.211936,1219.0,287353.572882,988.0,250394.960064
2021-11-21,Household,ABC,868.0,237329.19402,3464.803,618052.44805,2133.776,444193.117006,1056.0,271440.419996,870.0,195036.211936,1219.0,287353.572882
2021-11-21,Household,XYZ,1103.0,249596.485,868.0,237329.19402,3464.803,618052.44805,2133.776,444193.117006,1056.0,271440.419996,870.0,195036.211936
2021-11-22,Beverages,ABC,946.0,248094.88696,1103.0,249596.485,868.0,237329.19402,3464.803,618052.44805,2133.776,444193.117006,1056.0,271440.419996
2021-11-22,Beverages,XYZ,722.0,187371.38702,946.0,248094.88696,1103.0,249596.485,868.0,237329.19402,3464.803,618052.44805,2133.776,444193.117006
2021-11-22,Grocery,ABC,2262.302,447480.09202,722.0,187371.38702,946.0,248094.88696,1103.0,249596.485,868.0,237329.19402,3464.803,618052.44805
2021-11-22,Grocery,XYZ,2500.75,443513.48099999997,2262.302,447480.09202,722.0,187371.38702,946.0,248094.88696,1103.0,249596.485,868.0,237329.19402
2021-11-22,Household,ABC,914.0,230703.89903,2500.75,443513.48099999997,2262.302,447480.09202,722.0,187371.38702,946.0,248094.88696,1103.0,249596.485
2021-11-22,Household,XYZ,729.0,187888.59709,914.0,230703.89903,2500.75,443513.48099999997,2262.302,447480.09202,722.0,187371.38702,946.0,248094.88696
2021-11-23,Beverages,ABC,1202.0,300005.609,729.0,187888.59709,914.0,230703.89903,2500.75,443513.48099999997,2262.302,447480.09202,722.0,187371.38702
2021-11-23,Beverages,XYZ,834.0,217515.70898,1202.0,300005.609,729.0,187888.59709,914.0,230703.89903,2500.75,443513.48099999997,2262.302,447480.09202
2021-11-23,Grocery,ABC,2105.91,439004.82804,834.0,217515.70898,1202.0,300005.609,729.0,187888.59709,914.0,230703.89903,2500.75,443513.48099999997
2021-11-23,Grocery,XYZ,2830.034,503178.39703,2105.91,439004.82804,834.0,217515.70898,1202.0,300005.609,729.0,187888.59709,914.0,230703.89903
2021-11-23,Household,ABC,812.0,207607.93304,2830.034,503178.39703,2105.91,439004.82804,834.0,217515.70898,1202.0,300005.609,729.0,187888.59709
2021-11-23,Household,XYZ,915.0,209222.15802,812.0,207607.93304,2830.034,503178.39703,2105.91,439004.82804,834.0,217515.70898,1202.0,300005.609
2021-11-24,Beverages,ABC,1062.0,347726.53002,915.0,209222.15802,812.0,207607.93304,2830.034,503178.39703,2105.91,439004.82804,834.0,217515.70898
2021-11-24,Beverages,XYZ,663.0,192973.50502,1062.0,347726.53002,915.0,209222.15802,812.0,207607.93304,2830.034,503178.39703,2105.91,439004.82804
2021-11-24,Grocery,ABC,2093.942,399369.82997,663.0,192973.50502,1062.0,347726.53002,915.0,209222.15802,812.0,207607.93304,2830.034,503178.39703
2021-11-24,Grocery,XYZ,2991.714,509016.778996,2093.942,399369.82997,663.0,192973.50502,1062.0,347726.53002,915.0,209222.15802,812.0,207607.93304
2021-11-24,Household,ABC,862.0,248373.86402,2991.714,509016.778996,2093.942,399369.82997,663.0,192973.50502,1062.0,347726.53002,915.0,209222.15802
2021-11-24,Household,XYZ,733.0,190039.6,862.0,248373.86402,2991.714,509016.778996,2093.942,399369.82997,663.0,192973.50502,1062.0,347726.53002
2021-11-25,Beverages,ABC,1302.0,400375.23499,733.0,190039.6,862.0,248373.86402,2991.714,509016.778996,2093.942,399369.82997,663.0,192973.50502
2021-11-25,Beverages,XYZ,1014.0,274148.717,1302.0,400375.23499,733.0,190039.6,862.0,248373.86402,2991.714,509016.778996,2093.942,399369.82997
2021-11-25,Grocery,ABC,3301.456,651393.623915,1014.0,274148.717,1302.0,400375.23499,733.0,190039.6,862.0,248373.86402,2991.714,509016.778996
2021-11-25,Grocery,XYZ,3250.023,573458.03298,3301.456,651393.623915,1014.0,274148.717,1302.0,400375.23499,733.0,190039.6,862.0,248373.86402
2021-11-25,Household,ABC,1162.0,297827.26097,3250.023,573458.03298,3301.456,651393.623915,1014.0,274148.717,1302.0,400375.23499,733.0,190039.6
2021-11-25,Household,XYZ,1183.0,282947.227,1162.0,297827.26097,3250.023,573458.03298,3301.456,651393.623915,1014.0,274148.717,1302.0,400375.23499
2021-11-26,Beverages,ABC,1144.0,373327.155,1183.0,282947.227,1162.0,297827.26097,3250.023,573458.03298,3301.456,651393.623915,1014.0,274148.717
2021-11-26,Beverages,XYZ,1016.0,276472.46097,1144.0,373327.155,1183.0,282947.227,1162.0,297827.26097,3250.023,573458.03298,3301.456,651393.623915
2021-11-26,Grocery,ABC,3452.224,673480.287994,1016.0,276472.46097,1144.0,373327.155,1183.0,282947.227,1162.0,297827.26097,3250.023,573458.03298
2021-11-26,Grocery,XYZ,3201.59,570560.98599,3452.224,673480.287994,1016.0,276472.46097,1144.0,373327.155,1183.0,282947.227,1162.0,297827.26097
2021-11-26,Household,ABC,1235.0,373965.10707,3201.59,570560.98599,3452.224,673480.287994,1016.0,276472.46097,1144.0,373327.155,1183.0,282947.227
2021-11-26,Household,XYZ,1060.0,250931.105,1235.0,373965.10707,3201.59,570560.98599,3452.224,673480.287994,1016.0,276472.46097,1144.0,373327.155
2021-11-27,Beverages,ABC,1267.0,340953.14006,1060.0,250931.105,1235.0,373965.10707,3201.59,570560.98599,3452.224,673480.287994,1016.0,276472.46097
2021-11-27,Beverages,XYZ,1263.0,368467.598996,1267.0,340953.14006,1060.0,250931.105,1235.0,373965.10707,3201.59,570560.98599,3452.224,673480.287994
2021-11-27,Grocery,ABC,3081.398,614443.080988,1263.0,368467.598996,1267.0,340953.14006,1060.0,250931.105,1235.0,373965.10707,3201.59,570560.98599
2021-11-27,Grocery,XYZ,3883.659,678140.963754,3081.398,614443.080988,1263.0,368467.598996,1267.0,340953.14006,1060.0,250931.105,1235.0,373965.10707
2021-11-27,Household,ABC,1141.0,291499.76117,3883.659,678140.963754,3081.398,614443.080988,1263.0,368467.598996,1267.0,340953.14006,1060.0,250931.105
2021-11-27,Household,XYZ,1347.0,314193.697,1141.0,291499.76117,3883.659,678140.963754,3081.398,614443.080988,1263.0,368467.598996,1267.0,340953.14006
2021-11-28,Beverages,ABC,1179.0,334571.4461,1347.0,314193.697,1141.0,291499.76117,3883.659,678140.963754,3081.398,614443.080988,1263.0,368467.598996
2021-11-28,Beverages,XYZ,1247.0,366704.06,1179.0,334571.4461,1347.0,314193.697,1141.0,291499.76117,3883.659,678140.963754,3081.398,614443.080988
2021-11-28,Grocery,ABC,3174.37,648529.466092,1247.0,366704.06,1179.0,334571.4461,1347.0,314193.697,1141.0,291499.76117,3883.659,678140.963754
2021-11-28,Grocery,XYZ,4362.629,812758.257983,3174.37,648529.466092,1247.0,366704.06,1179.0,334571.4461,1347.0,314193.697,1141.0,291499.76117
2021-11-28,Household,ABC,1256.0,312479.76606,4362.629,812758.257983,3174.37,648529.466092,1247.0,366704.06,1179.0,334571.4461,1347.0,314193.697
2021-11-28,Household,XYZ,1445.0,333419.472,1256.0,312479.76606,4362.629,812758.257983,3174.37,648529.466092,1247.0,366704.06,1179.0,334571.4461
2021-11-29,Beverages,ABC,902.0,274968.424,1445.0,333419.472,1256.0,312479.76606,4362.629,812758.257983,3174.37,648529.466092,1247.0,366704.06
2021-11-29,Beverages,XYZ,968.0,267957.417,902.0,274968.424,1445.0,333419.472,1256.0,312479.76606,4362.629,812758.257983,3174.37,648529.466092
2021-11-29,Grocery,ABC,2557.853,495740.129054,968.0,267957.417,902.0,274968.424,1445.0,333419.472,1256.0,312479.76606,4362.629,812758.257983
2021-11-29,Grocery,XYZ,3128.67,546608.316016,2557.853,495740.129054,968.0,267957.417,902.0,274968.424,1445.0,333419.472,1256.0,312479.76606
2021-11-29,Household,ABC,1066.0,260525.07303,3128.67,546608.316016,2557.853,495740.129054,968.0,267957.417,902.0,274968.424,1445.0,333419.472
2021-11-29,Household,XYZ,967.0,235509.804035,1066.0,260525.07303,3128.67,546608.316016,2557.853,495740.129054,968.0,267957.417,902.0,274968.424
2021-11-30,Beverages,ABC,1121.0,295979.148,967.0,235509.804035,1066.0,260525.07303,3128.67,546608.316016,2557.853,495740.129054,968.0,267957.417
2021-11-30,Beverages,XYZ,1032.0,268409.853,1121.0,295979.148,967.0,235509.804035,1066.0,260525.07303,3128.67,546608.316016,2557.853,495740.129054
2021-11-30,Grocery,ABC,2610.866,530571.926,1032.0,268409.853,1121.0,295979.148,967.0,235509.804035,1066.0,260525.07303,3128.67,546608.316016
2021-11-30,Grocery,XYZ,3611.741,672377.972028,2610.866,530571.926,1032.0,268409.853,1121.0,295979.148,967.0,235509.804035,1066.0,260525.07303
2021-11-30,Household,ABC,1002.0,274757.217,3611.741,672377.972028,2610.866,530571.926,1032.0,268409.853,1121.0,295979.148,967.0,235509.804035
2021-11-30,Household,XYZ,1087.0,264261.555,1002.0,274757.217,3611.741,672377.972028,2610.866,530571.926,1032.0,268409.853,1121.0,295979.148
2021-12-01,Beverages,ABC,1015.0,266177.58402,1087.0,264261.555,1002.0,274757.217,3611.741,672377.972028,2610.866,530571.926,1032.0,268409.853
2021-12-01,Beverages,XYZ,1056.0,247261.28196,1015.0,266177.58402,1087.0,264261.555,1002.0,274757.217,3611.741,672377.972028,2610.866,530571.926
2021-12-01,Grocery,ABC,2893.41,539465.524988,1056.0,247261.28196,1015.0,266177.58402,1087.0,264261.555,1002.0,274757.217,3611.741,672377.972028
2021-12-01,Grocery,XYZ,3262.585,597663.443906,2893.41,539465.524988,1056.0,247261.28196,1015.0,266177.58402,1087.0,264261.555,1002.0,274757.217
2021-12-01,Household,ABC,1195.0,330971.126066,3262.585,597663.443906,2893.41,539465.524988,1056.0,247261.28196,1015.0,266177.58402,1087.0,264261.555
2021-12-01,Household,XYZ,1170.0,280659.69101,1195.0,330971.126066,3262.585,597663.443906,2893.41,539465.524988,1056.0,247261.28196,1015.0,266177.58402
2021-12-02,Beverages,ABC,1308.0,377534.327,1170.0,280659.69101,1195.0,330971.126066,3262.585,597663.443906,2893.41,539465.524988,1056.0,247261.28196
2021-12-02,Beverages,XYZ,1071.0,217649.746,1308.0,377534.327,1170.0,280659.69101,1195.0,330971.126066,3262.585,597663.443906,2893.41,539465.524988
2021-12-02,Grocery,ABC,2631.074,525587.86102,1071.0,217649.746,1308.0,377534.327,1170.0,280659.69101,1195.0,330971.126066,3262.585,597663.443906
2021-12-02,Grocery,XYZ,3223.0099999999998,619548.981,2631.074,525587.86102,1071.0,217649.746,1308.0,377534.327,1170.0,280659.69101,1195.0,330971.126066
2021-12-02,Household,ABC,1236.0,310415.876,3223.0099999999998,619548.981,2631.074,525587.86102,1071.0,217649.746,1308.0,377534.327,1170.0,280659.69101
2021-12-02,Household,XYZ,1039.0,285027.261,1236.0,310415.876,3223.0099999999998,619548.981,2631.074,525587.86102,1071.0,217649.746,1308.0,377534.327
2021-12-03,Beverages,ABC,1577.0,457478.41401,1039.0,285027.261,1236.0,310415.876,3223.0099999999998,619548.981,2631.074,525587.86102,1071.0,217649.746
2021-12-03,Beverages,XYZ,1409.0,337323.404,1577.0,457478.41401,1039.0,285027.261,1236.0,310415.876,3223.0099999999998,619548.981,2631.074,525587.86102
2021-12-03,Grocery,ABC,2679.058,518151.16701,1409.0,337323.404,1577.0,457478.41401,1039.0,285027.261,1236.0,310415.876,3223.0099999999998,619548.981
2021-12-03,Grocery,XYZ,3628.201,632564.85198,2679.058,518151.16701,1409.0,337323.404,1577.0,457478.41401,1039.0,285027.261,1236.0,310415.876
2021-12-03,Household,ABC,1127.0,287172.73799,3628.201,632564.85198,2679.058,518151.16701,1409.0,337323.404,1577.0,457478.41401,1039.0,285027.261
2021-12-03,Household,XYZ,1288.0,309499.83301,1127.0,287172.73799,3628.201,632564.85198,2679.058,518151.16701,1409.0,337323.404,1577.0,457478.41401
2021-12-04,Beverages,ABC,1143.0,319839.57102,1288.0,309499.83301,1127.0,287172.73799,3628.201,632564.85198,2679.058,518151.16701,1409.0,337323.404
2021-12-04,Beverages,XYZ,1364.0,361320.264,1143.0,319839.57102,1288.0,309499.83301,1127.0,287172.73799,3628.201,632564.85198,2679.058,518151.16701
2021-12-04,Grocery,ABC,2714.324,546361.472998,1364.0,361320.264,1143.0,319839.57102,1288.0,309499.83301,1127.0,287172.73799,3628.201,632564.85198
2021-12-04,Grocery,XYZ,3914.738,701695.809988,2714.324,546361.472998,1364.0,361320.264,1143.0,319839.57102,1288.0,309499.83301,1127.0,287172.73799
2021-12-04,Household,ABC,1170.0,310744.715066,3914.738,701695.809988,2714.324,546361.472998,1364.0,361320.264,1143.0,319839.57102,1288.0,309499.83301
2021-12-04,Household,XYZ,1275.0,304631.77301,1170.0,310744.715066,3914.738,701695.809988,2714.324,546361.472998,1364.0,361320.264,1143.0,319839.57102
2021-12-05,Beverages,ABC,1111.0,332207.132,1275.0,304631.77301,1170.0,310744.715066,3914.738,701695.809988,2714.324,546361.472998,1364.0,361320.264
2021-12-05,Beverages,XYZ,1138.0,317474.915,1111.0,332207.132,1275.0,304631.77301,1170.0,310744.715066,3914.738,701695.809988,2714.324,546361.472998
2021-12-05,Grocery,ABC,2588.766,535520.37402,1138.0,317474.915,1111.0,332207.132,1275.0,304631.77301,1170.0,310744.715066,3914.738,701695.809988
2021-12-05,Grocery,XYZ,4131.75,763186.038985,2588.766,535520.37402,1138.0,317474.915,1111.0,332207.132,1275.0,304631.77301,1170.0,310744.715066
2021-12-05,Household,ABC,1232.0,320398.30298,4131.75,763186.038985,2588.766,535520.37402,1138.0,317474.915,1111.0,332207.132,1275.0,304631.77301
2021-12-05,Household,XYZ,1466.0,371701.672022,1232.0,320398.30298,4131.75,763186.038985,2588.766,535520.37402,1138.0,317474.915,1111.0,332207.132
2021-12-06,Beverages,ABC,1019.0,236848.848988,1466.0,371701.672022,1232.0,320398.30298,4131.75,763186.038985,2588.766,535520.37402,1138.0,317474.915
2021-12-06,Beverages,XYZ,827.0,172993.173,1019.0,236848.848988,1466.0,371701.672022,1232.0,320398.30298,4131.75,763186.038985,2588.766,535520.37402
2021-12-06,Grocery,ABC,2178.012,429775.313978,827.0,172993.173,1019.0,236848.848988,1466.0,371701.672022,1232.0,320398.30298,4131.75,763186.038985
2021-12-06,Grocery,XYZ,2828.311,513100.836005,2178.012,429775.313978,827.0,172993.173,1019.0,236848.848988,1466.0,371701.672022,1232.0,320398.30298
2021-12-06,Household,ABC,1079.0,258222.938978,2828.311,513100.836005,2178.012,429775.313978,827.0,172993.173,1019.0,236848.848988,1466.0,371701.672022
2021-12-06,Household,XYZ,1025.0,258674.056986,1079.0,258222.938978,2828.311,513100.836005,2178.012,429775.313978,827.0,172993.173,1019.0,236848.848988
2021-12-07,Beverages,ABC,1135.0,196671.376,1025.0,258674.056986,1079.0,258222.938978,2828.311,513100.836005,2178.012,429775.313978,827.0,172993.173
2021-12-07,Beverages,XYZ,875.0,199525.545,1135.0,196671.376,1025.0,258674.056986,1079.0,258222.938978,2828.311,513100.836005,2178.012,429775.313978
2021-12-07,Grocery,ABC,1906.29,371493.671,875.0,199525.545,1135.0,196671.376,1025.0,258674.056986,1079.0,258222.938978,2828.311,513100.836005
2021-12-07,Grocery,XYZ,2704.628,479451.78402,1906.29,371493.671,875.0,199525.545,1135.0,196671.376,1025.0,258674.056986,1079.0,258222.938978
2021-12-07,Household,ABC,824.0,197708.779,2704.628,479451.78402,1906.29,371493.671,875.0,199525.545,1135.0,196671.376,1025.0,258674.056986
2021-12-07,Household,XYZ,881.0,191597.15901,824.0,197708.779,2704.628,479451.78402,1906.29,371493.671,875.0,199525.545,1135.0,196671.376
2021-12-08,Beverages,ABC,1026.0,337323.11,881.0,191597.15901,824.0,197708.779,2704.628,479451.78402,1906.29,371493.671,875.0,199525.545
2021-12-08,Beverages,XYZ,1102.0,267251.43,1026.0,337323.11,881.0,191597.15901,824.0,197708.779,2704.628,479451.78402,1906.29,371493.671
2021-12-08,Grocery,ABC,2357.361,500976.425,1102.0,267251.43,1026.0,337323.11,881.0,191597.15901,824.0,197708.779,2704.628,479451.78402
2021-12-08,Grocery,XYZ,2846.032,514849.202016,2357.361,500976.425,1102.0,267251.43,1026.0,337323.11,881.0,191597.15901,824.0,197708.779
2021-12-08,Household,ABC,981.0,253374.0,2846.032,514849.202016,2357.361,500976.425,1102.0,267251.43,1026.0,337323.11,881.0,191597.15901
2021-12-08,Household,XYZ,848.0,214259.32401,981.0,253374.0,2846.032,514849.202016,2357.361,500976.425,1102.0,267251.43,1026.0,337323.11
2021-12-09,Beverages,ABC,1310.0,313175.426,848.0,214259.32401,981.0,253374.0,2846.032,514849.202016,2357.361,500976.425,1102.0,267251.43
2021-12-09,Beverages,XYZ,1104.0,255970.70102,1310.0,313175.426,848.0,214259.32401,981.0,253374.0,2846.032,514849.202016,2357.361,500976.425
2021-12-09,Grocery,ABC,2315.716,493643.69302,1104.0,255970.70102,1310.0,313175.426,848.0,214259.32401,981.0,253374.0,2846.032,514849.202016
2021-12-09,Grocery,XYZ,3219.296,588795.674994,2315.716,493643.69302,1104.0,255970.70102,1310.0,313175.426,848.0,214259.32401,981.0,253374.0
2021-12-09,Household,ABC,1006.0,252415.84599,3219.296,588795.674994,2315.716,493643.69302,1104.0,255970.70102,1310.0,313175.426,848.0,214259.32401
2021-12-09,Household,XYZ,1050.0,250085.121,1006.0,252415.84599,3219.296,588795.674994,2315.716,493643.69302,1104.0,255970.70102,1310.0,313175.426
2021-12-10,Beverages,ABC,1517.0,384773.18,1050.0,250085.121,1006.0,252415.84599,3219.296,588795.674994,2315.716,493643.69302,1104.0,255970.70102
2021-12-10,Beverages,XYZ,1225.0,390335.58,1517.0,384773.18,1050.0,250085.121,1006.0,252415.84599,3219.296,588795.674994,2315.716,493643.69302
2021-12-10,Grocery,ABC,2564.629,491920.06,1225.0,390335.58,1517.0,384773.18,1050.0,250085.121,1006.0,252415.84599,3219.296,588795.674994
2021-12-10,Grocery,XYZ,3042.477,553625.218,2564.629,491920.06,1225.0,390335.58,1517.0,384773.18,1050.0,250085.121,1006.0,252415.84599
2021-12-10,Household,ABC,1155.0,304055.02,3042.477,553625.218,2564.629,491920.06,1225.0,390335.58,1517.0,384773.18,1050.0,250085.121
2021-12-10,Household,XYZ,998.0,251173.999,1155.0,304055.02,3042.477,553625.218,2564.629,491920.06,1225.0,390335.58,1517.0,384773.18
2021-12-11,Beverages,ABC,1289.0,345468.227003,998.0,251173.999,1155.0,304055.02,3042.477,553625.218,2564.629,491920.06,1225.0,390335.58
2021-12-11,Beverages,XYZ,1246.0,305415.09,1289.0,345468.227003,998.0,251173.999,1155.0,304055.02,3042.477,553625.218,2564.629,491920.06
2021-12-11,Grocery,ABC,3041.035,807206.269,1246.0,305415.09,1289.0,345468.227003,998.0,251173.999,1155.0,304055.02,3042.477,553625.218
2021-12-11,Grocery,XYZ,3661.503,691048.76,3041.035,807206.269,1246.0,305415.09,1289.0,345468.227003,998.0,251173.999,1155.0,304055.02
2021-12-11,Household,ABC,1409.0,372201.71199,3661.503,691048.76,3041.035,807206.269,1246.0,305415.09,1289.0,345468.227003,998.0,251173.999
2021-12-11,Household,XYZ,1214.0,282554.0,1409.0,372201.71199,3661.503,691048.76,3041.035,807206.269,1246.0,305415.09,1289.0,345468.227003
2021-12-12,Beverages,ABC,1040.0,214066.0,1214.0,282554.0,1409.0,372201.71199,3661.503,691048.76,3041.035,807206.269,1246.0,305415.09
2021-12-12,Beverages,XYZ,1155.0,262314.06098,1040.0,214066.0,1214.0,282554.0,1409.0,372201.71199,3661.503,691048.76,3041.035,807206.269
2021-12-12,Grocery,ABC,2599.476,527598.635,1155.0,262314.06098,1040.0,214066.0,1214.0,282554.0,1409.0,372201.71199,3661.503,691048.76
2021-12-12,Grocery,XYZ,3849.976,701132.960976,2599.476,527598.635,1155.0,262314.06098,1040.0,214066.0,1214.0,282554.0,1409.0,372201.71199
2021-12-12,Household,ABC,1157.0,295090.203,3849.976,701132.960976,2599.476,527598.635,1155.0,262314.06098,1040.0,214066.0,1214.0,282554.0
2021-12-12,Household,XYZ,1409.0,342194.02698,1157.0,295090.203,3849.976,701132.960976,2599.476,527598.635,1155.0,262314.06098,1040.0,214066.0
2021-12-13,Beverages,ABC,919.0,213907.015,1409.0,342194.02698,1157.0,295090.203,3849.976,701132.960976,2599.476,527598.635,1155.0,262314.06098
2021-12-13,Beverages,XYZ,864.0,187263.05,919.0,213907.015,1409.0,342194.02698,1157.0,295090.203,3849.976,701132.960976,2599.476,527598.635
2021-12-13,Grocery,ABC,2539.438,509005.021,864.0,187263.05,919.0,213907.015,1409.0,342194.02698,1157.0,295090.203,3849.976,701132.960976
2021-12-13,Grocery,XYZ,2993.164,558763.52399,2539.438,509005.021,864.0,187263.05,919.0,213907.015,1409.0,342194.02698,1157.0,295090.203
2021-12-13,Household,ABC,882.0,232708.77201000002,2993.164,558763.52399,2539.438,509005.021,864.0,187263.05,919.0,213907.015,1409.0,342194.02698
2021-12-13,Household,XYZ,1164.0,254218.166,882.0,232708.77201000002,2993.164,558763.52399,2539.438,509005.021,864.0,187263.05,919.0,213907.015
2021-12-14,Beverages,ABC,1446.0,408990.341,1164.0,254218.166,882.0,232708.77201000002,2993.164,558763.52399,2539.438,509005.021,864.0,187263.05
2021-12-14,Beverages,XYZ,944.0,270562.897,1446.0,408990.341,1164.0,254218.166,882.0,232708.77201000002,2993.164,558763.52399,2539.438,509005.021
2021-12-14,Grocery,ABC,2404.473,500161.409994,944.0,270562.897,1446.0,408990.341,1164.0,254218.166,882.0,232708.77201000002,2993.164,558763.52399
2021-12-14,Grocery,XYZ,3838.672,660567.39799,2404.473,500161.409994,944.0,270562.897,1446.0,408990.341,1164.0,254218.166,882.0,232708.77201000002
2021-12-14,Household,ABC,1119.0,271592.818,3838.672,660567.39799,2404.473,500161.409994,944.0,270562.897,1446.0,408990.341,1164.0,254218.166
2021-12-14,Household,XYZ,1007.0,234211.38203,1119.0,271592.818,3838.672,660567.39799,2404.473,500161.409994,944.0,270562.897,1446.0,408990.341
2021-12-15,Beverages,ABC,998.0,257779.894004,1007.0,234211.38203,1119.0,271592.818,3838.672,660567.39799,2404.473,500161.409994,944.0,270562.897
2021-12-15,Beverages,XYZ,984.0,250358.182,998.0,257779.894004,1007.0,234211.38203,1119.0,271592.818,3838.672,660567.39799,2404.473,500161.409994
2021-12-15,Grocery,ABC,2272.71,476119.36001,984.0,250358.182,998.0,257779.894004,1007.0,234211.38203,1119.0,271592.818,3838.672,660567.39799
2021-12-15,Grocery,XYZ,2996.919,524018.208016,2272.71,476119.36001,984.0,250358.182,998.0,257779.894004,1007.0,234211.38203,1119.0,271592.818
2021-12-15,Household,ABC,806.0,224580.673,2996.919,524018.208016,2272.71,476119.36001,984.0,250358.182,998.0,257779.894004,1007.0,234211.38203
2021-12-15,Household,XYZ,909.0,227572.74,806.0,224580.673,2996.919,524018.208016,2272.71,476119.36001,984.0,250358.182,998.0,257779.894004
2021-12-16,Beverages,ABC,1748.0,532931.43602,909.0,227572.74,806.0,224580.673,2996.919,524018.208016,2272.71,476119.36001,984.0,250358.182
2021-12-16,Beverages,XYZ,996.0,230770.125,1748.0,532931.43602,909.0,227572.74,806.0,224580.673,2996.919,524018.208016,2272.71,476119.36001
2021-12-16,Grocery,ABC,4088.5099999999998,949651.4801,996.0,230770.125,1748.0,532931.43602,909.0,227572.74,806.0,224580.673,2996.919,524018.208016
2021-12-16,Grocery,XYZ,3205.697,577046.42401,4088.5099999999998,949651.4801,996.0,230770.125,1748.0,532931.43602,909.0,227572.74,806.0,224580.673
2021-12-16,Household,ABC,943.0,257578.202,3205.697,577046.42401,4088.5099999999998,949651.4801,996.0,230770.125,1748.0,532931.43602,909.0,227572.74
2021-12-16,Household,XYZ,971.0,245538.041,943.0,257578.202,3205.697,577046.42401,4088.5099999999998,949651.4801,996.0,230770.125,1748.0,532931.43602
2021-12-17,Beverages,ABC,1150.0,352043.512,971.0,245538.041,943.0,257578.202,3205.697,577046.42401,4088.5099999999998,949651.4801,996.0,230770.125
2021-12-17,Beverages,XYZ,1021.0,259586.661,1150.0,352043.512,971.0,245538.041,943.0,257578.202,3205.697,577046.42401,4088.5099999999998,949651.4801
2021-12-17,Grocery,ABC,2327.104,538676.269003,1021.0,259586.661,1150.0,352043.512,971.0,245538.041,943.0,257578.202,3205.697,577046.42401
2021-12-17,Grocery,XYZ,3438.821,633639.818,2327.104,538676.269003,1021.0,259586.661,1150.0,352043.512,971.0,245538.041,943.0,257578.202
2021-12-17,Household,ABC,1041.0,276665.059005,3438.821,633639.818,2327.104,538676.269003,1021.0,259586.661,1150.0,352043.512,971.0,245538.041
2021-12-17,Household,XYZ,952.0,233766.087,1041.0,276665.059005,3438.821,633639.818,2327.104,538676.269003,1021.0,259586.661,1150.0,352043.512
2021-12-18,Beverages,ABC,1300.0,378060.71303,952.0,233766.087,1041.0,276665.059005,3438.821,633639.818,2327.104,538676.269003,1021.0,259586.661
2021-12-18,Beverages,XYZ,980.0,229051.291,1300.0,378060.71303,952.0,233766.087,1041.0,276665.059005,3438.821,633639.818,2327.104,538676.269003
2021-12-18,Grocery,ABC,2605.076,547156.85496,980.0,229051.291,1300.0,378060.71303,952.0,233766.087,1041.0,276665.059005,3438.821,633639.818
2021-12-18,Grocery,XYZ,3921.222,742581.80804,2605.076,547156.85496,980.0,229051.291,1300.0,378060.71303,952.0,233766.087,1041.0,276665.059005
2021-12-18,Household,ABC,1030.0,276014.3259,3921.222,742581.80804,2605.076,547156.85496,980.0,229051.291,1300.0,378060.71303,952.0,233766.087
2021-12-18,Household,XYZ,1280.0,309006.2,1030.0,276014.3259,3921.222,742581.80804,2605.076,547156.85496,980.0,229051.291,1300.0,378060.71303
2021-12-19,Beverages,ABC,991.0,273782.13802,1280.0,309006.2,1030.0,276014.3259,3921.222,742581.80804,2605.076,547156.85496,980.0,229051.291
2021-12-19,Beverages,XYZ,1462.0,450362.711,991.0,273782.13802,1280.0,309006.2,1030.0,276014.3259,3921.222,742581.80804,2605.076,547156.85496
2021-12-19,Grocery,ABC,2660.286,562719.568002,1462.0,450362.711,991.0,273782.13802,1280.0,309006.2,1030.0,276014.3259,3921.222,742581.80804
2021-12-19,Grocery,XYZ,3993.65,719254.51317,2660.286,562719.568002,1462.0,450362.711,991.0,273782.13802,1280.0,309006.2,1030.0,276014.3259
2021-12-19,Household,ABC,974.0,245294.21399,3993.65,719254.51317,2660.286,562719.568002,1462.0,450362.711,991.0,273782.13802,1280.0,309006.2
2021-12-19,Household,XYZ,1372.0,330373.3601,974.0,245294.21399,3993.65,719254.51317,2660.286,562719.568002,1462.0,450362.711,991.0,273782.13802
2021-12-20,Beverages,ABC,1304.0,392869.06193,1372.0,330373.3601,974.0,245294.21399,3993.65,719254.51317,2660.286,562719.568002,1462.0,450362.711
2021-12-20,Beverages,XYZ,888.0,191662.06,1304.0,392869.06193,1372.0,330373.3601,974.0,245294.21399,3993.65,719254.51317,2660.286,562719.568002
2021-12-20,Grocery,ABC,2611.897,576160.0311,888.0,191662.06,1304.0,392869.06193,1372.0,330373.3601,974.0,245294.21399,3993.65,719254.51317
2021-12-20,Grocery,XYZ,2863.373,541632.32898,2611.897,576160.0311,888.0,191662.06,1304.0,392869.06193,1372.0,330373.3601,974.0,245294.21399
2021-12-20,Household,ABC,1219.0,299405.96701,2863.373,541632.32898,2611.897,576160.0311,888.0,191662.06,1304.0,392869.06193,1372.0,330373.3601
2021-12-20,Household,XYZ,1001.0,239941.585,1219.0,299405.96701,2863.373,541632.32898,2611.897,576160.0311,888.0,191662.06,1304.0,392869.06193
2021-12-21,Beverages,ABC,1065.0,250002.63698,1001.0,239941.585,1219.0,299405.96701,2863.373,541632.32898,2611.897,576160.0311,888.0,191662.06
2021-12-21,Beverages,XYZ,845.0,200676.14,1065.0,250002.63698,1001.0,239941.585,1219.0,299405.96701,2863.373,541632.32898,2611.897,576160.0311
2021-12-21,Grocery,ABC,2690.96,561946.602,845.0,200676.14,1065.0,250002.63698,1001.0,239941.585,1219.0,299405.96701,2863.373,541632.32898
2021-12-21,Grocery,XYZ,2962.19,553325.022,2690.96,561946.602,845.0,200676.14,1065.0,250002.63698,1001.0,239941.585,1219.0,299405.96701
2021-12-21,Household,ABC,1075.0,297162.10397,2962.19,553325.022,2690.96,561946.602,845.0,200676.14,1065.0,250002.63698,1001.0,239941.585
2021-12-21,Household,XYZ,987.0,227971.02,1075.0,297162.10397,2962.19,553325.022,2690.96,561946.602,845.0,200676.14,1065.0,250002.63698
2021-12-22,Beverages,ABC,1525.0,459972.75003,987.0,227971.02,1075.0,297162.10397,2962.19,553325.022,2690.96,561946.602,845.0,200676.14
2021-12-22,Beverages,XYZ,998.0,262072.89,1525.0,459972.75003,987.0,227971.02,1075.0,297162.10397,2962.19,553325.022,2690.96,561946.602
2021-12-22,Grocery,ABC,2809.733,629791.24399,998.0,262072.89,1525.0,459972.75003,987.0,227971.02,1075.0,297162.10397,2962.19,553325.022
2021-12-22,Grocery,XYZ,3367.016,626451.14005,2809.733,629791.24399,998.0,262072.89,1525.0,459972.75003,987.0,227971.02,1075.0,297162.10397
2021-12-22,Household,ABC,1316.0,390761.94799,3367.016,626451.14005,2809.733,629791.24399,998.0,262072.89,1525.0,459972.75003,987.0,227971.02
2021-12-22,Household,XYZ,1035.0,236027.24912,1316.0,390761.94799,3367.016,626451.14005,2809.733,629791.24399,998.0,262072.89,1525.0,459972.75003
2021-12-23,Beverages,ABC,1553.0,337934.049,1035.0,236027.24912,1316.0,390761.94799,3367.016,626451.14005,2809.733,629791.24399,998.0,262072.89
2021-12-23,Beverages,XYZ,979.0,233120.98799,1553.0,337934.049,1035.0,236027.24912,1316.0,390761.94799,3367.016,626451.14005,2809.733,629791.24399
2021-12-23,Grocery,ABC,3126.112,672210.341,979.0,233120.98799,1553.0,337934.049,1035.0,236027.24912,1316.0,390761.94799,3367.016,626451.14005
2021-12-23,Grocery,XYZ,3613.418,685789.478036,3126.112,672210.341,979.0,233120.98799,1553.0,337934.049,1035.0,236027.24912,1316.0,390761.94799
2021-12-23,Household,ABC,1380.0,386530.713,3613.418,685789.478036,3126.112,672210.341,979.0,233120.98799,1553.0,337934.049,1035.0,236027.24912
2021-12-23,Household,XYZ,1104.0,261375.04096,1380.0,386530.713,3613.418,685789.478036,3126.112,672210.341,979.0,233120.98799,1553.0,337934.049
2021-12-24,Beverages,ABC,1340.0,362440.01202,1104.0,261375.04096,1380.0,386530.713,3613.418,685789.478036,3126.112,672210.341,979.0,233120.98799
2021-12-24,Beverages,XYZ,1489.0,401997.979967,1340.0,362440.01202,1104.0,261375.04096,1380.0,386530.713,3613.418,685789.478036,3126.112,672210.341
2021-12-24,Grocery,ABC,7787.289,2035445.463,1489.0,401997.979967,1340.0,362440.01202,1104.0,261375.04096,1380.0,386530.713,3613.418,685789.478036
2021-12-24,Grocery,XYZ,4525.658,883682.91085,7787.289,2035445.463,1489.0,401997.979967,1340.0,362440.01202,1104.0,261375.04096,1380.0,386530.713
2021-12-24,Household,ABC,1311.0,375605.32612,4525.658,883682.91085,7787.289,2035445.463,1489.0,401997.979967,1340.0,362440.01202,1104.0,261375.04096
2021-12-24,Household,XYZ,1462.0,355010.1929,1311.0,375605.32612,4525.658,883682.91085,7787.289,2035445.463,1489.0,401997.979967,1340.0,362440.01202
2021-12-25,Beverages,ABC,936.0,218543.25,1462.0,355010.1929,1311.0,375605.32612,4525.658,883682.91085,7787.289,2035445.463,1489.0,401997.979967
2021-12-25,Beverages,XYZ,1028.0,247575.33,936.0,218543.25,1462.0,355010.1929,1311.0,375605.32612,4525.658,883682.91085,7787.289,2035445.463
2021-12-25,Grocery,ABC,1968.767,388933.152,1028.0,247575.33,936.0,218543.25,1462.0,355010.1929,1311.0,375605.32612,4525.658,883682.91085
2021-12-25,Grocery,XYZ,3841.522,690893.14,1968.767,388933.152,1028.0,247575.33,936.0,218543.25,1462.0,355010.1929,1311.0,375605.32612
2021-12-25,Household,ABC,913.0,247041.0,3841.522,690893.14,1968.767,388933.152,1028.0,247575.33,936.0,218543.25,1462.0,355010.1929
2021-12-25,Household,XYZ,1182.0,290445.0,913.0,247041.0,3841.522,690893.14,1968.767,388933.152,1028.0,247575.33,936.0,218543.25
2021-12-26,Beverages,ABC,778.0,188772.78,1182.0,290445.0,913.0,247041.0,3841.522,690893.14,1968.767,388933.152,1028.0,247575.33
2021-12-26,Beverages,XYZ,998.0,230062.26,778.0,188772.78,1182.0,290445.0,913.0,247041.0,3841.522,690893.14,1968.767,388933.152
2021-12-26,Grocery,ABC,1884.134,388387.732,998.0,230062.26,778.0,188772.78,1182.0,290445.0,913.0,247041.0,3841.522,690893.14
2021-12-26,Grocery,XYZ,3534.533,633325.412,1884.134,388387.732,998.0,230062.26,778.0,188772.78,1182.0,290445.0,913.0,247041.0
2021-12-26,Household,ABC,865.0,203717.5,3534.533,633325.412,1884.134,388387.732,998.0,230062.26,778.0,188772.78,1182.0,290445.0
2021-12-26,Household,XYZ,1399.0,347934.01,865.0,203717.5,3534.533,633325.412,1884.134,388387.732,998.0,230062.26,778.0,188772.78
2021-12-27,Beverages,ABC,928.0,201607.0,1399.0,347934.01,865.0,203717.5,3534.533,633325.412,1884.134,388387.732,998.0,230062.26
2021-12-27,Beverages,XYZ,964.0,234238.29,928.0,201607.0,1399.0,347934.01,865.0,203717.5,3534.533,633325.412,1884.134,388387.732
2021-12-27,Grocery,ABC,2135.612,413624.166,964.0,234238.29,928.0,201607.0,1399.0,347934.01,865.0,203717.5,3534.533,633325.412
2021-12-27,Grocery,XYZ,3114.201,585043.229,2135.612,413624.166,964.0,234238.29,928.0,201607.0,1399.0,347934.01,865.0,203717.5
2021-12-27,Household,ABC,909.0,241226.0,3114.201,585043.229,2135.612,413624.166,964.0,234238.29,928.0,201607.0,1399.0,347934.01
2021-12-27,Household,XYZ,1162.0,260726.23098,909.0,241226.0,3114.201,585043.229,2135.612,413624.166,964.0,234238.29,928.0,201607.0
2021-12-28,Beverages,ABC,1031.0,221009.61,1162.0,260726.23098,909.0,241226.0,3114.201,585043.229,2135.612,413624.166,964.0,234238.29
2021-12-28,Beverages,XYZ,960.0,230322.09398,1031.0,221009.61,1162.0,260726.23098,909.0,241226.0,3114.201,585043.229,2135.612,413624.166
2021-12-28,Grocery,ABC,2541.979,524658.572,960.0,230322.09398,1031.0,221009.61,1162.0,260726.23098,909.0,241226.0,3114.201,585043.229
2021-12-28,Grocery,XYZ,2976.802,539183.52,2541.979,524658.572,960.0,230322.09398,1031.0,221009.61,1162.0,260726.23098,909.0,241226.0
2021-12-28,Household,ABC,1074.0,272058.0,2976.802,539183.52,2541.979,524658.572,960.0,230322.09398,1031.0,221009.61,1162.0,260726.23098
2021-12-28,Household,XYZ,950.0,230208.0,1074.0,272058.0,2976.802,539183.52,2541.979,524658.572,960.0,230322.09398,1031.0,221009.61
2021-12-29,Beverages,ABC,1046.0,253871.24599999998,950.0,230208.0,1074.0,272058.0,2976.802,539183.52,2541.979,524658.572,960.0,230322.09398
2021-12-29,Beverages,XYZ,971.0,231117.13,1046.0,253871.24599999998,950.0,230208.0,1074.0,272058.0,2976.802,539183.52,2541.979,524658.572
2021-12-29,Grocery,ABC,3166.758,699701.469,971.0,231117.13,1046.0,253871.24599999998,950.0,230208.0,1074.0,272058.0,2976.802,539183.52
2021-12-29,Grocery,XYZ,4064.3,779442.332,3166.758,699701.469,971.0,231117.13,1046.0,253871.24599999998,950.0,230208.0,1074.0,272058.0
2021-12-29,Household,ABC,977.0,259719.0,4064.3,779442.332,3166.758,699701.469,971.0,231117.13,1046.0,253871.24599999998,950.0,230208.0
2021-12-29,Household,XYZ,1256.0,326213.0,977.0,259719.0,4064.3,779442.332,3166.758,699701.469,971.0,231117.13,1046.0,253871.24599999998
2021-12-30,Beverages,ABC,1365.0,321491.45,1256.0,326213.0,977.0,259719.0,4064.3,779442.332,3166.758,699701.469,971.0,231117.13
2021-12-30,Beverages,XYZ,1095.0,260780.22,1365.0,321491.45,1256.0,326213.0,977.0,259719.0,4064.3,779442.332,3166.758,699701.469
2021-12-30,Grocery,ABC,3125.224,657509.354,1095.0,260780.22,1365.0,321491.45,1256.0,326213.0,977.0,259719.0,4064.3,779442.332
2021-12-30,Grocery,XYZ,4390.424,819000.984,3125.224,657509.354,1095.0,260780.22,1365.0,321491.45,1256.0,326213.0,977.0,259719.0
2021-12-30,Household,ABC,1245.0,333395.0,4390.424,819000.984,3125.224,657509.354,1095.0,260780.22,1365.0,321491.45,1256.0,326213.0
2021-12-30,Household,XYZ,1403.0,341163.02,1245.0,333395.0,4390.424,819000.984,3125.224,657509.354,1095.0,260780.22,1365.0,321491.45
2021-12-31,Beverages,ABC,1726.0,486807.8209,1403.0,341163.02,1245.0,333395.0,4390.424,819000.984,3125.224,657509.354,1095.0,260780.22
2021-12-31,Beverages,XYZ,1761.0,405934.713,1726.0,486807.8209,1403.0,341163.02,1245.0,333395.0,4390.424,819000.984,3125.224,657509.354
2021-12-31,Grocery,ABC,4598.302,1079095.46509,1761.0,405934.713,1726.0,486807.8209,1403.0,341163.02,1245.0,333395.0,4390.424,819000.984
2021-12-31,Grocery,XYZ,5963.381,1161786.60399,4598.302,1079095.46509,1761.0,405934.713,1726.0,486807.8209,1403.0,341163.02,1245.0,333395.0
2021-12-31,Household,ABC,1606.0,451894.51199,5963.381,1161786.60399,4598.302,1079095.46509,1761.0,405934.713,1726.0,486807.8209,1403.0,341163.02
2021-12-31,Household,XYZ,1646.0,382967.79498,1606.0,451894.51199,5963.381,1161786.60399,4598.302,1079095.46509,1761.0,405934.713,1726.0,486807.8209
2022-01-01,Beverages,ABC,1137.0,199615.3,1646.0,382967.79498,1606.0,451894.51199,5963.381,1161786.60399,4598.302,1079095.46509,1761.0,405934.713
2022-01-01,Beverages,XYZ,894.0,179595.35,1137.0,199615.3,1646.0,382967.79498,1606.0,451894.51199,5963.381,1161786.60399,4598.302,1079095.46509
2022-01-01,Grocery,ABC,2129.54,410870.334,894.0,179595.35,1137.0,199615.3,1646.0,382967.79498,1606.0,451894.51199,5963.381,1161786.60399
2022-01-01,Grocery,XYZ,3024.884,559652.29,2129.54,410870.334,894.0,179595.35,1137.0,199615.3,1646.0,382967.79498,1606.0,451894.51199
2022-01-01,Household,ABC,718.0,213757.0,3024.884,559652.29,2129.54,410870.334,894.0,179595.35,1137.0,199615.3,1646.0,382967.79498
2022-01-01,Household,XYZ,852.0,215390.0,718.0,213757.0,3024.884,559652.29,2129.54,410870.334,894.0,179595.35,1137.0,199615.3
2022-01-02,Beverages,ABC,887.0,200000.26,852.0,215390.0,718.0,213757.0,3024.884,559652.29,2129.54,410870.334,894.0,179595.35
2022-01-02,Beverages,XYZ,1044.0,224102.12,887.0,200000.26,852.0,215390.0,718.0,213757.0,3024.884,559652.29,2129.54,410870.334
2022-01-02,Grocery,ABC,2247.004,482843.286,1044.0,224102.12,887.0,200000.26,852.0,215390.0,718.0,213757.0,3024.884,559652.29
2022-01-02,Grocery,XYZ,3695.187,689674.065,2247.004,482843.286,1044.0,224102.12,887.0,200000.26,852.0,215390.0,718.0,213757.0
2022-01-02,Household,ABC,1074.0,301049.001,3695.187,689674.065,2247.004,482843.286,1044.0,224102.12,887.0,200000.26,852.0,215390.0
2022-01-02,Household,XYZ,1312.0,317612.82,1074.0,301049.001,3695.187,689674.065,2247.004,482843.286,1044.0,224102.12,887.0,200000.26
2022-01-03,Beverages,ABC,957.0,202848.07,1312.0,317612.82,1074.0,301049.001,3695.187,689674.065,2247.004,482843.286,1044.0,224102.12
2022-01-03,Beverages,XYZ,645.0,149946.09,957.0,202848.07,1312.0,317612.82,1074.0,301049.001,3695.187,689674.065,2247.004,482843.286
2022-01-03,Grocery,ABC,2190.392,481203.36,645.0,149946.09,957.0,202848.07,1312.0,317612.82,1074.0,301049.001,3695.187,689674.065
2022-01-03,Grocery,XYZ,2396.285,453615.07101,2190.392,481203.36,645.0,149946.09,957.0,202848.07,1312.0,317612.82,1074.0,301049.001
2022-01-03,Household,ABC,1002.0,265809.5,2396.285,453615.07101,2190.392,481203.36,645.0,149946.09,957.0,202848.07,1312.0,317612.82
2022-01-03,Household,XYZ,844.0,201304.44101,1002.0,265809.5,2396.285,453615.07101,2190.392,481203.36,645.0,149946.09,957.0,202848.07
2022-01-04,Beverages,ABC,802.0,168349.26,844.0,201304.44101,1002.0,265809.5,2396.285,453615.07101,2190.392,481203.36,645.0,149946.09
2022-01-04,Beverages,XYZ,953.0,207932.01,802.0,168349.26,844.0,201304.44101,1002.0,265809.5,2396.285,453615.07101,2190.392,481203.36
2022-01-04,Grocery,ABC,2380.804,502839.521,953.0,207932.01,802.0,168349.26,844.0,201304.44101,1002.0,265809.5,2396.285,453615.07101
2022-01-04,Grocery,XYZ,3212.01,595931.7119999999,2380.804,502839.521,953.0,207932.01,802.0,168349.26,844.0,201304.44101,1002.0,265809.5
2022-01-04,Household,ABC,1214.0,307756.5,3212.01,595931.7119999999,2380.804,502839.521,953.0,207932.01,802.0,168349.26,844.0,201304.44101
2022-01-04,Household,XYZ,1085.0,277280.0,1214.0,307756.5,3212.01,595931.7119999999,2380.804,502839.521,953.0,207932.01,802.0,168349.26
2022-01-05,Beverages,ABC,785.0,203996.0,1085.0,277280.0,1214.0,307756.5,3212.01,595931.7119999999,2380.804,502839.521,953.0,207932.01
2022-01-05,Beverages,XYZ,773.0,175541.08,785.0,203996.0,1085.0,277280.0,1214.0,307756.5,3212.01,595931.7119999999,2380.804,502839.521
2022-01-05,Grocery,ABC,2154.734,447108.018,773.0,175541.08,785.0,203996.0,1085.0,277280.0,1214.0,307756.5,3212.01,595931.7119999999
2022-01-05,Grocery,XYZ,2668.154,472348.39,2154.734,447108.018,773.0,175541.08,785.0,203996.0,1085.0,277280.0,1214.0,307756.5
2022-01-05,Household,ABC,906.0,240789.0,2668.154,472348.39,2154.734,447108.018,773.0,175541.08,785.0,203996.0,1085.0,277280.0
2022-01-05,Household,XYZ,949.0,242328.0,906.0,240789.0,2668.154,472348.39,2154.734,447108.018,773.0,175541.08,785.0,203996.0
2022-01-06,Beverages,ABC,1223.0,399467.25,949.0,242328.0,906.0,240789.0,2668.154,472348.39,2154.734,447108.018,773.0,175541.08
2022-01-06,Beverages,XYZ,816.0,202202.03,1223.0,399467.25,949.0,242328.0,906.0,240789.0,2668.154,472348.39,2154.734,447108.018
2022-01-06,Grocery,ABC,2310.026,530274.942,816.0,202202.03,1223.0,399467.25,949.0,242328.0,906.0,240789.0,2668.154,472348.39
2022-01-06,Grocery,XYZ,3218.341,579090.782,2310.026,530274.942,816.0,202202.03,1223.0,399467.25,949.0,242328.0,906.0,240789.0
2022-01-06,Household,ABC,983.0,290041.0,3218.341,579090.782,2310.026,530274.942,816.0,202202.03,1223.0,399467.25,949.0,242328.0
2022-01-06,Household,XYZ,1020.0,253920.15,983.0,290041.0,3218.341,579090.782,2310.026,530274.942,816.0,202202.03,1223.0,399467.25
2022-01-07,Beverages,ABC,1610.0,362553.509004,1020.0,253920.15,983.0,290041.0,3218.341,579090.782,2310.026,530274.942,816.0,202202.03
2022-01-07,Beverages,XYZ,1105.0,365463.076,1610.0,362553.509004,1020.0,253920.15,983.0,290041.0,3218.341,579090.782,2310.026,530274.942
2022-01-07,Grocery,ABC,2594.455,535636.207,1105.0,365463.076,1610.0,362553.509004,1020.0,253920.15,983.0,290041.0,3218.341,579090.782
2022-01-07,Grocery,XYZ,3302.789,612576.152,2594.455,535636.207,1105.0,365463.076,1610.0,362553.509004,1020.0,253920.15,983.0,290041.0
2022-01-07,Household,ABC,1194.0,311081.826,3302.789,612576.152,2594.455,535636.207,1105.0,365463.076,1610.0,362553.509004,1020.0,253920.15
2022-01-07,Household,XYZ,971.0,241198.39901,1194.0,311081.826,3302.789,612576.152,2594.455,535636.207,1105.0,365463.076,1610.0,362553.509004
2022-01-08,Beverages,ABC,1442.0,398422.556,971.0,241198.39901,1194.0,311081.826,3302.789,612576.152,2594.455,535636.207,1105.0,365463.076
2022-01-08,Beverages,XYZ,1274.0,334886.07,1442.0,398422.556,971.0,241198.39901,1194.0,311081.826,3302.789,612576.152,2594.455,535636.207
2022-01-08,Grocery,ABC,3064.781,623447.951,1274.0,334886.07,1442.0,398422.556,971.0,241198.39901,1194.0,311081.826,3302.789,612576.152
2022-01-08,Grocery,XYZ,3516.559,673586.920995,3064.781,623447.951,1274.0,334886.07,1442.0,398422.556,971.0,241198.39901,1194.0,311081.826
2022-01-08,Household,ABC,1093.0,304865.759003,3516.559,673586.920995,3064.781,623447.951,1274.0,334886.07,1442.0,398422.556,971.0,241198.39901
2022-01-08,Household,XYZ,1148.0,273919.0,1093.0,304865.759003,3516.559,673586.920995,3064.781,623447.951,1274.0,334886.07,1442.0,398422.556
2022-01-09,Beverages,ABC,1052.0,234528.3818,1148.0,273919.0,1093.0,304865.759003,3516.559,673586.920995,3064.781,623447.951,1274.0,334886.07
2022-01-09,Beverages,XYZ,1159.0,300299.09,1052.0,234528.3818,1148.0,273919.0,1093.0,304865.759003,3516.559,673586.920995,3064.781,623447.951
2022-01-09,Grocery,ABC,2760.462,547398.99801,1159.0,300299.09,1052.0,234528.3818,1148.0,273919.0,1093.0,304865.759003,3516.559,673586.920995
2022-01-09,Grocery,XYZ,4164.643,741539.429,2760.462,547398.99801,1159.0,300299.09,1052.0,234528.3818,1148.0,273919.0,1093.0,304865.759003
2022-01-09,Household,ABC,1152.0,315307.384,4164.643,741539.429,2760.462,547398.99801,1159.0,300299.09,1052.0,234528.3818,1148.0,273919.0
2022-01-09,Household,XYZ,1458.0,377254.0,1152.0,315307.384,4164.643,741539.429,2760.462,547398.99801,1159.0,300299.09,1052.0,234528.3818
2022-01-10,Beverages,ABC,1079.0,296844.916,1458.0,377254.0,1152.0,315307.384,4164.643,741539.429,2760.462,547398.99801,1159.0,300299.09
2022-01-10,Beverages,XYZ,903.0,196261.029,1079.0,296844.916,1458.0,377254.0,1152.0,315307.384,4164.643,741539.429,2760.462,547398.99801
2022-01-10,Grocery,ABC,2214.609,453291.304,903.0,196261.029,1079.0,296844.916,1458.0,377254.0,1152.0,315307.384,4164.643,741539.429
2022-01-10,Grocery,XYZ,3089.55,557654.852,2214.609,453291.304,903.0,196261.029,1079.0,296844.916,1458.0,377254.0,1152.0,315307.384
2022-01-10,Household,ABC,1144.0,322876.95192,3089.55,557654.852,2214.609,453291.304,903.0,196261.029,1079.0,296844.916,1458.0,377254.0
2022-01-10,Household,XYZ,1057.0,272036.0,1144.0,322876.95192,3089.55,557654.852,2214.609,453291.304,903.0,196261.029,1079.0,296844.916
2022-01-11,Beverages,ABC,1359.0,299901.0,1057.0,272036.0,1144.0,322876.95192,3089.55,557654.852,2214.609,453291.304,903.0,196261.029
2022-01-11,Beverages,XYZ,932.0,248616.0,1359.0,299901.0,1057.0,272036.0,1144.0,322876.95192,3089.55,557654.852,2214.609,453291.304
2022-01-11,Grocery,ABC,2881.708,606151.751,932.0,248616.0,1359.0,299901.0,1057.0,272036.0,1144.0,322876.95192,3089.55,557654.852
2022-01-11,Grocery,XYZ,3378.658,622561.39301,2881.708,606151.751,932.0,248616.0,1359.0,299901.0,1057.0,272036.0,1144.0,322876.95192
2022-01-11,Household,ABC,1101.0,305017.0,3378.658,622561.39301,2881.708,606151.751,932.0,248616.0,1359.0,299901.0,1057.0,272036.0
2022-01-11,Household,XYZ,1154.0,274953.911005,1101.0,305017.0,3378.658,622561.39301,2881.708,606151.751,932.0,248616.0,1359.0,299901.0
2022-01-12,Beverages,ABC,950.0,196014.5,1154.0,274953.911005,1101.0,305017.0,3378.658,622561.39301,2881.708,606151.751,932.0,248616.0
2022-01-12,Beverages,XYZ,837.0,178756.44796,950.0,196014.5,1154.0,274953.911005,1101.0,305017.0,3378.658,622561.39301,2881.708,606151.751
2022-01-12,Grocery,ABC,2204.186,432843.686,837.0,178756.44796,950.0,196014.5,1154.0,274953.911005,1101.0,305017.0,3378.658,622561.39301
2022-01-12,Grocery,XYZ,2899.544,509834.515,2204.186,432843.686,837.0,178756.44796,950.0,196014.5,1154.0,274953.911005,1101.0,305017.0
2022-01-12,Household,ABC,949.0,272431.0,2899.544,509834.515,2204.186,432843.686,837.0,178756.44796,950.0,196014.5,1154.0,274953.911005
2022-01-12,Household,XYZ,940.0,219909.677,949.0,272431.0,2899.544,509834.515,2204.186,432843.686,837.0,178756.44796,950.0,196014.5
2022-01-13,Beverages,ABC,1414.0,333398.25,940.0,219909.677,949.0,272431.0,2899.544,509834.515,2204.186,432843.686,837.0,178756.44796
2022-01-13,Beverages,XYZ,855.0,181156.09,1414.0,333398.25,940.0,219909.677,949.0,272431.0,2899.544,509834.515,2204.186,432843.686
2022-01-13,Grocery,ABC,2705.301,577075.995,855.0,181156.09,1414.0,333398.25,940.0,219909.677,949.0,272431.0,2899.544,509834.515
2022-01-13,Grocery,XYZ,3058.627,554760.784,2705.301,577075.995,855.0,181156.09,1414.0,333398.25,940.0,219909.677,949.0,272431.0
2022-01-13,Household,ABC,1146.0,319568.0,3058.627,554760.784,2705.301,577075.995,855.0,181156.09,1414.0,333398.25,940.0,219909.677
2022-01-13,Household,XYZ,957.0,248185.0,1146.0,319568.0,3058.627,554760.784,2705.301,577075.995,855.0,181156.09,1414.0,333398.25
2022-01-14,Beverages,ABC,866.0,192949.538,957.0,248185.0,1146.0,319568.0,3058.627,554760.784,2705.301,577075.995,855.0,181156.09
2022-01-14,Beverages,XYZ,1078.0,270562.06,866.0,192949.538,957.0,248185.0,1146.0,319568.0,3058.627,554760.784,2705.301,577075.995
2022-01-14,Grocery,ABC,2187.497,421828.536,1078.0,270562.06,866.0,192949.538,957.0,248185.0,1146.0,319568.0,3058.627,554760.784
2022-01-14,Grocery,XYZ,2859.478,504860.738,2187.497,421828.536,1078.0,270562.06,866.0,192949.538,957.0,248185.0,1146.0,319568.0
2022-01-14,Household,ABC,799.0,194229.0,2859.478,504860.738,2187.497,421828.536,1078.0,270562.06,866.0,192949.538,957.0,248185.0
2022-01-14,Household,XYZ,987.0,233850.0,799.0,194229.0,2859.478,504860.738,2187.497,421828.536,1078.0,270562.06,866.0,192949.538
2022-01-15,Beverages,ABC,1034.0,211739.0,987.0,233850.0,799.0,194229.0,2859.478,504860.738,2187.497,421828.536,1078.0,270562.06
2022-01-15,Beverages,XYZ,990.0,235791.06,1034.0,211739.0,987.0,233850.0,799.0,194229.0,2859.478,504860.738,2187.497,421828.536
2022-01-15,Grocery,ABC,2107.406,443967.016,990.0,235791.06,1034.0,211739.0,987.0,233850.0,799.0,194229.0,2859.478,504860.738
2022-01-15,Grocery,XYZ,3226.084,603255.614,2107.406,443967.016,990.0,235791.06,1034.0,211739.0,987.0,233850.0,799.0,194229.0
2022-01-15,Household,ABC,801.0,206776.0,3226.084,603255.614,2107.406,443967.016,990.0,235791.06,1034.0,211739.0,987.0,233850.0
2022-01-15,Household,XYZ,1115.0,309093.841,801.0,206776.0,3226.084,603255.614,2107.406,443967.016,990.0,235791.06,1034.0,211739.0
2022-01-16,Beverages,ABC,808.0,235881.25,1115.0,309093.841,801.0,206776.0,3226.084,603255.614,2107.406,443967.016,990.0,235791.06
2022-01-16,Beverages,XYZ,842.0,195056.02,808.0,235881.25,1115.0,309093.841,801.0,206776.0,3226.084,603255.614,2107.406,443967.016
2022-01-16,Grocery,ABC,1779.437,407167.937,842.0,195056.02,808.0,235881.25,1115.0,309093.841,801.0,206776.0,3226.084,603255.614
2022-01-16,Grocery,XYZ,3108.163,558762.697,1779.437,407167.937,842.0,195056.02,808.0,235881.25,1115.0,309093.841,801.0,206776.0
2022-01-16,Household,ABC,724.0,181968.999,3108.163,558762.697,1779.437,407167.937,842.0,195056.02,808.0,235881.25,1115.0,309093.841
2022-01-16,Household,XYZ,1177.0,282811.0,724.0,181968.999,3108.163,558762.697,1779.437,407167.937,842.0,195056.02,808.0,235881.25
2022-01-17,Beverages,ABC,1540.0,196166.832,1177.0,282811.0,724.0,181968.999,3108.163,558762.697,1779.437,407167.937,842.0,195056.02
2022-01-17,Beverages,XYZ,1297.0,321661.0,1540.0,196166.832,1177.0,282811.0,724.0,181968.999,3108.163,558762.697,1779.437,407167.937
2022-01-17,Grocery,ABC,1887.07,367440.183,1297.0,321661.0,1540.0,196166.832,1177.0,282811.0,724.0,181968.999,3108.163,558762.697
2022-01-17,Grocery,XYZ,3487.211,664632.763,1887.07,367440.183,1297.0,321661.0,1540.0,196166.832,1177.0,282811.0,724.0,181968.999
2022-01-17,Household,ABC,747.0,216857.153,3487.211,664632.763,1887.07,367440.183,1297.0,321661.0,1540.0,196166.832,1177.0,282811.0
2022-01-17,Household,XYZ,1363.0,314360.0,747.0,216857.153,3487.211,664632.763,1887.07,367440.183,1297.0,321661.0,1540.0,196166.832
2022-01-18,Beverages,ABC,1473.0,430084.5,1363.0,314360.0,747.0,216857.153,3487.211,664632.763,1887.07,367440.183,1297.0,321661.0
2022-01-18,Beverages,XYZ,854.0,200059.311,1473.0,430084.5,1363.0,314360.0,747.0,216857.153,3487.211,664632.763,1887.07,367440.183
2022-01-18,Grocery,ABC,2574.993,604817.603,854.0,200059.311,1473.0,430084.5,1363.0,314360.0,747.0,216857.153,3487.211,664632.763
2022-01-18,Grocery,XYZ,2794.622,509943.700996,2574.993,604817.603,854.0,200059.311,1473.0,430084.5,1363.0,314360.0,747.0,216857.153
2022-01-18,Household,ABC,1112.0,319725.00002,2794.622,509943.700996,2574.993,604817.603,854.0,200059.311,1473.0,430084.5,1363.0,314360.0
2022-01-18,Household,XYZ,1046.0,259589.224993,1112.0,319725.00002,2794.622,509943.700996,2574.993,604817.603,854.0,200059.311,1473.0,430084.5
2022-01-19,Beverages,ABC,1237.0,271255.14,1046.0,259589.224993,1112.0,319725.00002,2794.622,509943.700996,2574.993,604817.603,854.0,200059.311
2022-01-19,Beverages,XYZ,1027.0,315504.0,1237.0,271255.14,1046.0,259589.224993,1112.0,319725.00002,2794.622,509943.700996,2574.993,604817.603
2022-01-19,Grocery,ABC,1882.58,403323.047,1027.0,315504.0,1237.0,271255.14,1046.0,259589.224993,1112.0,319725.00002,2794.622,509943.700996
2022-01-19,Grocery,XYZ,2409.322,460323.678,1882.58,403323.047,1027.0,315504.0,1237.0,271255.14,1046.0,259589.224993,1112.0,319725.00002
2022-01-19,Household,ABC,812.0,218658.973,2409.322,460323.678,1882.58,403323.047,1027.0,315504.0,1237.0,271255.14,1046.0,259589.224993
2022-01-19,Household,XYZ,883.0,204574.02,812.0,218658.973,2409.322,460323.678,1882.58,403323.047,1027.0,315504.0,1237.0,271255.14
2022-01-20,Beverages,ABC,1033.0,271106.0,883.0,204574.02,812.0,218658.973,2409.322,460323.678,1882.58,403323.047,1027.0,315504.0
2022-01-20,Beverages,XYZ,903.0,231575.0,1033.0,271106.0,883.0,204574.02,812.0,218658.973,2409.322,460323.678,1882.58,403323.047
2022-01-20,Grocery,ABC,2079.778,405836.326,903.0,231575.0,1033.0,271106.0,883.0,204574.02,812.0,218658.973,2409.322,460323.678
2022-01-20,Grocery,XYZ,2686.039,487795.906,2079.778,405836.326,903.0,231575.0,1033.0,271106.0,883.0,204574.02,812.0,218658.973
2022-01-20,Household,ABC,995.0,257406.999,2686.039,487795.906,2079.778,405836.326,903.0,231575.0,1033.0,271106.0,883.0,204574.02
2022-01-20,Household,XYZ,968.0,245632.012,995.0,257406.999,2686.039,487795.906,2079.778,405836.326,903.0,231575.0,1033.0,271106.0
2022-01-21,Beverages,ABC,1161.0,292280.0,968.0,245632.012,995.0,257406.999,2686.039,487795.906,2079.778,405836.326,903.0,231575.0
2022-01-21,Beverages,XYZ,993.0,308017.0,1161.0,292280.0,968.0,245632.012,995.0,257406.999,2686.039,487795.906,2079.778,405836.326
2022-01-21,Grocery,ABC,2371.411,463297.20902,993.0,308017.0,1161.0,292280.0,968.0,245632.012,995.0,257406.999,2686.039,487795.906
2022-01-21,Grocery,XYZ,2753.863,497466.887,2371.411,463297.20902,993.0,308017.0,1161.0,292280.0,968.0,245632.012,995.0,257406.999
2022-01-21,Household,ABC,955.0,255875.0,2753.863,497466.887,2371.411,463297.20902,993.0,308017.0,1161.0,292280.0,968.0,245632.012
2022-01-21,Household,XYZ,821.0,201955.998,955.0,255875.0,2753.863,497466.887,2371.411,463297.20902,993.0,308017.0,1161.0,292280.0
2022-01-22,Beverages,ABC,1257.0,285967.162,821.0,201955.998,955.0,255875.0,2753.863,497466.887,2371.411,463297.20902,993.0,308017.0
2022-01-22,Beverages,XYZ,924.0,214828.0,1257.0,285967.162,821.0,201955.998,955.0,255875.0,2753.863,497466.887,2371.411,463297.20902
2022-01-22,Grocery,ABC,2267.434,475489.17899,924.0,214828.0,1257.0,285967.162,821.0,201955.998,955.0,255875.0,2753.863,497466.887
2022-01-22,Grocery,XYZ,3362.031,614182.604,2267.434,475489.17899,924.0,214828.0,1257.0,285967.162,821.0,201955.998,955.0,255875.0
2022-01-22,Household,ABC,1190.0,325554.000987,3362.031,614182.604,2267.434,475489.17899,924.0,214828.0,1257.0,285967.162,821.0,201955.998
2022-01-22,Household,XYZ,1125.0,255988.997995,1190.0,325554.000987,3362.031,614182.604,2267.434,475489.17899,924.0,214828.0,1257.0,285967.162
2022-01-23,Beverages,ABC,868.0,303670.25,1125.0,255988.997995,1190.0,325554.000987,3362.031,614182.604,2267.434,475489.17899,924.0,214828.0
2022-01-23,Beverages,XYZ,1278.0,382628.0,868.0,303670.25,1125.0,255988.997995,1190.0,325554.000987,3362.031,614182.604,2267.434,475489.17899
2022-01-23,Grocery,ABC,2152.11,433569.98,1278.0,382628.0,868.0,303670.25,1125.0,255988.997995,1190.0,325554.000987,3362.031,614182.604
2022-01-23,Grocery,XYZ,4184.327,808249.573,2152.11,433569.98,1278.0,382628.0,868.0,303670.25,1125.0,255988.997995,1190.0,325554.000987
2022-01-23,Household,ABC,874.0,243856.0,4184.327,808249.573,2152.11,433569.98,1278.0,382628.0,868.0,303670.25,1125.0,255988.997995
2022-01-23,Household,XYZ,1363.0,362359.999,874.0,243856.0,4184.327,808249.573,2152.11,433569.98,1278.0,382628.0,868.0,303670.25
2022-01-24,Beverages,ABC,992.0,308841.5,1363.0,362359.999,874.0,243856.0,4184.327,808249.573,2152.11,433569.98,1278.0,382628.0
2022-01-24,Beverages,XYZ,769.0,181011.0,992.0,308841.5,1363.0,362359.999,874.0,243856.0,4184.327,808249.573,2152.11,433569.98
2022-01-24,Grocery,ABC,2317.78,478236.646,769.0,181011.0,992.0,308841.5,1363.0,362359.999,874.0,243856.0,4184.327,808249.573
2022-01-24,Grocery,XYZ,2562.307,469718.999,2317.78,478236.646,769.0,181011.0,992.0,308841.5,1363.0,362359.999,874.0,243856.0
2022-01-24,Household,ABC,935.0,255833.0,2562.307,469718.999,2317.78,478236.646,769.0,181011.0,992.0,308841.5,1363.0,362359.999
2022-01-24,Household,XYZ,946.0,255181.038,935.0,255833.0,2562.307,469718.999,2317.78,478236.646,769.0,181011.0,992.0,308841.5
2022-01-25,Beverages,ABC,874.0,253524.0,946.0,255181.038,935.0,255833.0,2562.307,469718.999,2317.78,478236.646,769.0,181011.0
2022-01-25,Beverages,XYZ,886.0,182117.83002,874.0,253524.0,946.0,255181.038,935.0,255833.0,2562.307,469718.999,2317.78,478236.646
2022-01-25,Grocery,ABC,2729.121,563885.80498,886.0,182117.83002,874.0,253524.0,946.0,255181.038,935.0,255833.0,2562.307,469718.999
2022-01-25,Grocery,XYZ,3661.504,662692.699992,2729.121,563885.80498,886.0,182117.83002,874.0,253524.0,946.0,255181.038,935.0,255833.0
2022-01-25,Household,ABC,1128.0,323726.08,3661.504,662692.699992,2729.121,563885.80498,886.0,182117.83002,874.0,253524.0,946.0,255181.038
2022-01-25,Household,XYZ,1187.0,298283.40102,1128.0,323726.08,3661.504,662692.699992,2729.121,563885.80498,886.0,182117.83002,874.0,253524.0
2022-01-26,Beverages,ABC,1095.0,382074.0,1187.0,298283.40102,1128.0,323726.08,3661.504,662692.699992,2729.121,563885.80498,886.0,182117.83002
2022-01-26,Beverages,XYZ,1123.0,369852.03998,1095.0,382074.0,1187.0,298283.40102,1128.0,323726.08,3661.504,662692.699992,2729.121,563885.80498
2022-01-26,Grocery,ABC,2612.746,549777.422,1123.0,369852.03998,1095.0,382074.0,1187.0,298283.40102,1128.0,323726.08,3661.504,662692.699992
2022-01-26,Grocery,XYZ,2913.409,541006.977,2612.746,549777.422,1123.0,369852.03998,1095.0,382074.0,1187.0,298283.40102,1128.0,323726.08
2022-01-26,Household,ABC,1155.0,319838.0,2913.409,541006.977,2612.746,549777.422,1123.0,369852.03998,1095.0,382074.0,1187.0,298283.40102
2022-01-26,Household,XYZ,1103.0,289925.04,1155.0,319838.0,2913.409,541006.977,2612.746,549777.422,1123.0,369852.03998,1095.0,382074.0
2022-01-27,Beverages,ABC,1253.0,395367.0,1103.0,289925.04,1155.0,319838.0,2913.409,541006.977,2612.746,549777.422,1123.0,369852.03998
2022-01-27,Beverages,XYZ,1170.0,384973.0,1253.0,395367.0,1103.0,289925.04,1155.0,319838.0,2913.409,541006.977,2612.746,549777.422
2022-01-27,Grocery,ABC,2602.145,557922.715,1170.0,384973.0,1253.0,395367.0,1103.0,289925.04,1155.0,319838.0,2913.409,541006.977
2022-01-27,Grocery,XYZ,3012.134,556695.964,2602.145,557922.715,1170.0,384973.0,1253.0,395367.0,1103.0,289925.04,1155.0,319838.0
2022-01-27,Household,ABC,991.0,261352.99999,3012.134,556695.964,2602.145,557922.715,1170.0,384973.0,1253.0,395367.0,1103.0,289925.04
2022-01-27,Household,XYZ,1091.0,266484.029,991.0,261352.99999,3012.134,556695.964,2602.145,557922.715,1170.0,384973.0,1253.0,395367.0
2022-01-28,Beverages,ABC,1319.0,397226.5,1091.0,266484.029,991.0,261352.99999,3012.134,556695.964,2602.145,557922.715,1170.0,384973.0
2022-01-28,Beverages,XYZ,1336.0,513057.0,1319.0,397226.5,1091.0,266484.029,991.0,261352.99999,3012.134,556695.964,2602.145,557922.715
2022-01-28,Grocery,ABC,2358.758,464186.114,1336.0,513057.0,1319.0,397226.5,1091.0,266484.029,991.0,261352.99999,3012.134,556695.964
2022-01-28,Grocery,XYZ,3162.792,583466.776,2358.758,464186.114,1336.0,513057.0,1319.0,397226.5,1091.0,266484.029,991.0,261352.99999
2022-01-28,Household,ABC,1062.0,290746.99899,3162.792,583466.776,2358.758,464186.114,1336.0,513057.0,1319.0,397226.5,1091.0,266484.029
2022-01-28,Household,XYZ,1051.0,255565.0,1062.0,290746.99899,3162.792,583466.776,2358.758,464186.114,1336.0,513057.0,1319.0,397226.5
2022-01-29,Beverages,ABC,966.0,213541.73,1051.0,255565.0,1062.0,290746.99899,3162.792,583466.776,2358.758,464186.114,1336.0,513057.0
2022-01-29,Beverages,XYZ,1255.0,337437.0,966.0,213541.73,1051.0,255565.0,1062.0,290746.99899,3162.792,583466.776,2358.758,464186.114
2022-01-29,Grocery,ABC,2587.436,551861.60102,1255.0,337437.0,966.0,213541.73,1051.0,255565.0,1062.0,290746.99899,3162.792,583466.776
2022-01-29,Grocery,XYZ,3539.002,667129.626,2587.436,551861.60102,1255.0,337437.0,966.0,213541.73,1051.0,255565.0,1062.0,290746.99899
2022-01-29,Household,ABC,1236.0,349645.83788,3539.002,667129.626,2587.436,551861.60102,1255.0,337437.0,966.0,213541.73,1051.0,255565.0
2022-01-29,Household,XYZ,1205.0,311037.0,1236.0,349645.83788,3539.002,667129.626,2587.436,551861.60102,1255.0,337437.0,966.0,213541.73
2022-01-30,Beverages,ABC,923.0,196153.95,1205.0,311037.0,1236.0,349645.83788,3539.002,667129.626,2587.436,551861.60102,1255.0,337437.0
2022-01-30,Beverages,XYZ,1048.0,239877.764,923.0,196153.95,1205.0,311037.0,1236.0,349645.83788,3539.002,667129.626,2587.436,551861.60102
2022-01-30,Grocery,ABC,2869.215,585570.03698,1048.0,239877.764,923.0,196153.95,1205.0,311037.0,1236.0,349645.83788,3539.002,667129.626
2022-01-30,Grocery,XYZ,4040.207,756342.462,2869.215,585570.03698,1048.0,239877.764,923.0,196153.95,1205.0,311037.0,1236.0,349645.83788
2022-01-30,Household,ABC,1170.0,323308.26797,4040.207,756342.462,2869.215,585570.03698,1048.0,239877.764,923.0,196153.95,1205.0,311037.0
2022-01-30,Household,XYZ,1298.0,312510.762,1170.0,323308.26797,4040.207,756342.462,2869.215,585570.03698,1048.0,239877.764,923.0,196153.95
2022-01-31,Beverages,ABC,887.0,204687.95101,1298.0,312510.762,1170.0,323308.26797,4040.207,756342.462,2869.215,585570.03698,1048.0,239877.764
2022-01-31,Beverages,XYZ,791.0,179122.36501,887.0,204687.95101,1298.0,312510.762,1170.0,323308.26797,4040.207,756342.462,2869.215,585570.03698
2022-01-31,Grocery,ABC,2603.874,542643.931,791.0,179122.36501,887.0,204687.95101,1298.0,312510.762,1170.0,323308.26797,4040.207,756342.462
2022-01-31,Grocery,XYZ,2996.909,563043.734,2603.874,542643.931,791.0,179122.36501,887.0,204687.95101,1298.0,312510.762,1170.0,323308.26797
2022-01-31,Household,ABC,1115.0,314800.26999,2996.909,563043.734,2603.874,542643.931,791.0,179122.36501,887.0,204687.95101,1298.0,312510.762
2022-01-31,Household,XYZ,1141.0,269010.675,1115.0,314800.26999,2996.909,563043.734,2603.874,542643.931,791.0,179122.36501,887.0,204687.95101
